"","video_id","channel_id","period1Comments","period2Comments","period3Comments","period4Comments","period5Comments","period1Likes","period2Likes","period3Likes","period4Likes","period5Likes","period1Disikes","period2Dislikes","period3Dislikes","period4Dislikes","period5Dislikes","period1Views","period2Views","period3Views","period4Views","period5Views","officialBrandContent","Brand"
"1","-jPazKfs7Dk","UCJvAF2vZr5kkZSby-QVLxfg",0,0,0,0,0,0,0,0,0,0,0,0,0,0,0,0,0,0,1,0,FALSE,"MountainView"
"2","-luBKIuM0DY","UCueit8r-1r7e2jUHiunuMxQ",0,0,0,0,0,0,0,0,0,0,0,0,0,0,0,1,0,0,1,2,FALSE,"MountainView"
"3","-nIKbYLy3_Y","UCo_rNc_X12ZmOgs3lSQqcgw",0,0,0,0,0,0,0,0,0,1,0,0,0,0,0,0,0,2,4,3,FALSE,"MountainView"
"4","1LaNSIEUpsU","UCkDS8_Ddxj3Lpe2Na6PGqrw",0,0,0,0,0,4,5,1,1,5,0,0,0,0,0,884,931,695,1112,924,FALSE,"MountainView"
"5","1zs-pQaSSiM","UCXogn8a05Uc2pSHlynEHapQ",0,0,0,0,0,0,0,0,0,1,0,0,0,0,0,4,0,0,0,2,FALSE,"MountainView"
"6","2IXalcEmAu4","UCSK8rdFyRzzUOfTnSvsZAsg",0,0,0,0,0,0,0,0,0,0,0,0,0,0,0,1,3,3,6,1,FALSE,"MountainView"
"7","3AuZPUhQlKc","UChcF5TpzpQk1o89BYOJc8HA",0,0,0,0,0,1,0,0,1,0,0,0,0,0,0,11,0,0,51,5,FALSE,"MountainView"
"8","3CanLyhdeMc","UCFNHDd8_UdyO-YNGUjaiMTw",0,0,0,1,0,0,2,0,6,9,0,0,0,0,0,40,113,63,1621,2331,FALSE,"MountainView"
"9","4Rl1j-lI2ek","UCVc-eEHRZw7OhEvr8K8i7tg",0,0,0,0,0,3,5,5,14,9,0,0,0,0,0,210,355,304,1685,1349,FALSE,"MountainView"
"10","4hi0AsnDxVo","UC4_rqm9inXIJiErx0_u8UoQ",0,0,0,0,0,0,0,0,0,0,0,0,0,0,0,0,0,0,1,3,FALSE,"MountainView"
"11","55DVtcJ-1m0","UCPYpUmRikefobVB9tmdd65A",0,0,0,0,0,0,0,0,0,0,0,0,0,0,0,0,3,0,0,0,FALSE,"MountainView"
"12","7MwykpIR6sM","UCYk4dfPbJx2DwYuL4Tkm5Ow",0,0,0,0,0,0,0,0,0,0,0,0,0,0,1,12,9,6,39,95,FALSE,"MountainView"
"13","7VMGIfZo0GA","UCp_UzhNQJshRMCECdmaDiCw",0,0,0,0,0,0,0,0,0,1,0,0,0,0,0,2,3,6,13,18,FALSE,"MountainView"
"14","7sEz0IwGVak","UCNBouzygCQk2JvlSxDu-tNQ",0,0,0,0,0,0,0,0,0,0,0,0,0,0,0,3,1,2,12,16,FALSE,"MountainView"
"15","9XaOFP48TeA","UC0BklZehXgJS9Ul1Ii0UZcw",0,0,0,0,0,0,0,0,0,0,0,0,0,0,0,0,2,1,0,3,FALSE,"MountainView"
"16","A0gzt-ab3RE","UCjn0-vdOn_39u1njZQLT0EA",0,0,0,0,0,0,0,0,0,0,0,0,0,0,0,0,0,0,2,0,FALSE,"MountainView"
"17","AZ1xbDmA6lU","UCDmWxKThReTcBHuR7h6kC5w",0,0,0,0,0,0,1,0,0,0,0,0,0,0,0,24,33,28,29,50,FALSE,"MountainView"
"18","BW9FdjTk5no","UCBPDTTBjCUbpXuMt7Z2atnw",0,0,0,0,0,0,0,0,0,0,0,0,0,0,0,0,0,0,2,25,FALSE,"MountainView"
"19","C7Spbpc_-ZY","UCqPUm1n4BhDNfep2kVuSI0g",0,0,0,0,0,0,0,0,1,0,0,0,0,0,0,2,0,0,12,13,FALSE,"MountainView"
"20","Dhcljyo0xlo","UCoOrao_Oo5jfsv_AEbDNryw",0,0,0,0,0,0,0,0,0,0,0,0,0,0,0,0,0,0,1,1,FALSE,"MountainView"
"21","FY9mvRDa5hk","UChFEgPLoeYE8W-cWKsz-RCw",0,0,0,0,0,0,0,0,0,1,0,0,0,0,0,1,10,1,4,5,FALSE,"MountainView"
"22","FsFm4qrHheo","UCCsNVEHO7H-N-i8-LxnnGzA",0,0,0,0,0,0,0,0,0,0,0,0,0,0,0,0,1,1,2,0,FALSE,"MountainView"
"23","GVVhMXu51KI","UCjXwzXJ73MuO85srGutJj_Q",0,0,0,0,0,0,0,0,0,0,0,0,0,0,0,3,0,5,1,0,FALSE,"MountainView"
"24","HOHNij0BYiE","UCVc-eEHRZw7OhEvr8K8i7tg",0,0,0,0,1,1,4,0,1,7,0,0,0,0,0,94,109,112,119,103,FALSE,"MountainView"
"25","HcJkEnNK9i0","UCpN8Hq7vMqEB25FlQ0jZYEQ",5,0,3,1,0,1,5,1,8,9,0,0,1,0,0,353,368,291,815,772,FALSE,"MountainView"
"26","Hgu1E4qvxDU","UCqL9CUqluWdBjsrRvm5jW0w",0,0,0,0,0,0,0,0,0,0,0,0,0,0,0,0,0,1,1,9,FALSE,"MountainView"
"27","HqUoeofJc6M","UCo-zB3TmXq9NSp3-Un-uvMA",0,0,0,0,0,0,0,0,0,0,0,0,0,0,0,3,2,6,37,14,FALSE,"MountainView"
"28","Kw3pXZhUmLg","UCISUksTf5OOilyND0fwZiYw",0,0,0,0,0,0,0,0,0,1,0,0,0,0,0,3,0,2,3,6,FALSE,"MountainView"
"29","LEGner4Qy3c","UCsdqpqgsSFTRSnyyqHVSgyw",0,0,0,1,0,1,3,0,14,2,0,0,0,6,0,101,137,88,1936,827,TRUE,"MountainView"
"30","NQmKno5sKQA","UCoOrao_Oo5jfsv_AEbDNryw",0,0,0,0,0,0,0,0,0,0,0,0,0,0,0,1,2,3,2,6,FALSE,"MountainView"
"31","NiXIgKwNc_U","UCCV0r3X3Kswemak0I1sBZeg",0,0,0,0,0,0,0,0,0,0,0,0,0,0,0,0,0,2,17,10,FALSE,"MountainView"
"32","NxSH1B1FR2k","UCCsNVEHO7H-N-i8-LxnnGzA",0,0,0,0,0,0,0,0,0,0,0,0,0,0,0,1,2,1,0,0,FALSE,"MountainView"
"33","O9Nky-PBUow","UCpLx-qeLWQ4ZlIOkmGYJghQ",0,0,0,1,0,0,0,2,7,3,0,0,0,1,3,11,16,15,888,1127,FALSE,"MountainView"
"34","ON47huLgwHE","UCEe_27bhPRKEQMfbCEGxPwA",0,0,0,0,0,0,0,0,0,1,0,0,0,0,0,0,0,0,0,11,FALSE,"MountainView"
"35","OpgkbeKS8N0","UCApuBKDAxDKlmXEEvvK8IYQ",0,0,0,0,0,0,0,0,1,0,0,0,0,0,0,4,12,3,266,46,FALSE,"MountainView"
"36","Q5m4CfG2TNY","UCV2I8VFPZBfT6lGw10iUOHQ",0,0,0,0,0,0,0,0,0,0,0,0,0,0,0,0,0,0,0,0,FALSE,"MountainView"
"37","Qy6o4Z4DSQw","UCsmo-PAjzC54gOjkk4S1axQ",0,0,0,0,0,0,0,0,0,0,0,0,0,0,0,106,0,0,71,0,TRUE,"MountainView"
"38","Qyz9I0ytkCQ","UCD1rIp8sIgD-E46WhQDVYAA",0,0,0,0,0,0,0,0,0,0,0,0,0,0,0,0,0,2,7,9,FALSE,"MountainView"
"39","UH5lBYjGm00","UCQkLDuS57Dlq5-4-u14uvDw",0,0,0,0,0,0,0,0,5,4,0,0,0,0,0,5,11,14,816,1199,FALSE,"MountainView"
"40","USj4tdELbFk","UCTLNBHdqV_dEavWe7kyGbxQ",0,0,0,0,0,0,0,0,1,0,0,0,0,0,0,4,7,4,140,129,FALSE,"MountainView"
"41","Uv-zDtFSqLw","UCfSDLlG1G8gbCj95BI8iKiQ",0,0,0,0,0,0,0,0,1,0,0,0,0,0,0,1,0,2,38,4,FALSE,"MountainView"
"42","VKNts3JFa04","UCBbArn5y30XYpQLJo3iyCDQ",0,0,0,1,0,0,0,0,0,0,0,0,1,0,0,21,41,35,197,301,FALSE,"MountainView"
"43","VWf35liEA2A","UClmWHv4Z_B_71Xeplu_ZUEA",0,0,0,0,0,0,0,0,2,0,0,0,0,0,0,0,0,0,83,0,FALSE,"MountainView"
"44","Xm3Yzjyho3I","UCihMV4t5apOvv_vx9eZDNZA",0,0,0,0,0,0,0,0,1,0,0,0,0,0,0,0,1,3,6,14,FALSE,"MountainView"
"45","YY3vQ1RsUQ0","UCXvb4wOXl-HfZDIokE23mRQ",0,0,0,0,0,0,0,0,0,0,0,0,0,0,0,0,5,0,1,1,FALSE,"MountainView"
"46","Z-_RbT6JMtE","UC01kx86y_MROfUDoRHrClHQ",0,0,0,0,0,0,0,0,0,0,0,0,0,0,0,0,0,4,0,2,FALSE,"MountainView"
"47","Z_FxfhF3HXw","UCNTsoCNvlX9AhIfr75XQrqg",0,0,0,0,0,0,0,0,0,0,0,0,0,0,0,0,6,3,12,13,FALSE,"MountainView"
"48","Ze17wAbkZvk","UCfRv-8G-FideWtcHQekqOSA",0,0,0,0,0,0,0,0,0,0,0,0,0,0,0,1,2,3,6,8,FALSE,"MountainView"
"49","_Ox3jWFLYOs","UCLIMWrg3hLAqSlahLgW_kqg",0,0,0,0,0,0,0,0,0,0,0,0,0,0,0,0,3,3,2,1,FALSE,"MountainView"
"50","a3SA6AcL2Vs","UCbPPoBJruYUkVNl9H4Yh-yA",0,0,0,0,0,0,0,0,0,0,0,0,0,0,0,0,2,0,4,6,FALSE,"MountainView"
"51","cz23N7GPslM","UCz9c0GZ422Vi9uLBUJHJPdw",0,0,0,0,0,0,0,0,0,0,0,0,0,0,0,0,0,0,1,2,FALSE,"MountainView"
"52","e1iSEWj5254","UC4_rqm9inXIJiErx0_u8UoQ",0,0,0,0,0,0,0,0,0,1,0,0,0,0,0,0,3,0,1,3,FALSE,"MountainView"
"53","e7xXNgQJGAg","UC95YMFr-CN8aI8wJuFKAgXg",0,0,0,1,0,0,0,0,0,1,1,0,0,0,2,16,11,16,28,58,FALSE,"MountainView"
"54","eMm2b611-qA","UCqTLigurUVKYnM7NEXUcTnw",0,0,0,0,0,0,0,0,0,1,0,0,0,0,0,3,7,4,11,16,FALSE,"MountainView"
"55","fyYYuhyK1GE","UCZFypqQvmpTynszIjwQjTPg",0,0,0,0,0,0,0,0,0,0,0,0,0,0,0,1,2,4,56,35,FALSE,"MountainView"
"56","fyx2MEITZjA","UCAoZJ_Un_qQc1wCNmB1O_oA",0,0,0,0,0,0,0,0,0,1,0,0,0,0,0,3,2,8,28,45,FALSE,"MountainView"
"57","hA7IEpAXrDI","UCS4kkUFM-1a8aySeTYYz5qw",0,0,0,0,0,0,0,0,0,0,0,0,0,0,0,1,0,0,0,1,FALSE,"MountainView"
"58","kCvF0GmiHq4","UC3kvAueNEMwDp2Pfgnb28Tg",1,0,0,3,3,2,5,4,40,43,0,0,0,1,3,872,1227,992,7145,9702,FALSE,"MountainView"
"59","kZaBaaHnAMU","UC2LWB77hD6gehQSc06vINRQ",0,0,0,0,0,0,0,0,1,1,0,0,0,1,1,23,53,45,230,429,FALSE,"MountainView"
"60","lviLWu8yCHs","UCQfYK8VOluh80omK6-cPdoA",0,0,0,1,0,0,0,0,1,0,0,0,0,0,0,7,21,11,80,121,FALSE,"MountainView"
"61","mbZaobg59QM","UCWH0K47cp0Y76qtPvRflcYA",0,0,0,0,0,0,0,0,0,1,0,0,0,0,0,2,1,1,6,7,FALSE,"MountainView"
"62","mjwUVZHBcoY","UCsdqpqgsSFTRSnyyqHVSgyw",6,9,18,17,141,58,78,76,105,1298,3,1,5,9,34,10065,15719,11685,14507,225283,TRUE,"MountainView"
"63","rZSVRW5BX58","UCpvc8pf8S5i_tBRmXMqSPcw",0,0,0,0,0,0,0,0,0,0,0,0,0,0,0,0,0,0,1,0,FALSE,"MountainView"
"64","rpgl6wzXBR8","UCcrqX4WJdHcXCo-YL5l5t1w",0,0,0,0,0,0,0,0,0,0,0,0,0,0,0,0,1,0,1,2,FALSE,"MountainView"
"65","s49Do8Wcr-E","UCKQBLOIaKCt-J9ZbEBFd6Vw",0,0,0,0,0,0,0,0,32,27,0,0,0,0,0,8,9,11,2498,4543,FALSE,"MountainView"
"66","swAqlFq3MG0","UCDYEJIpGLDXQtbDQuTrA8tQ",0,0,0,0,0,0,0,0,0,0,0,0,0,0,0,0,1,1,2,6,FALSE,"MountainView"
"67","tZSKDRZMISg","UCxPg3KzLd_nUu6mWZVGAexA",0,0,0,0,0,0,0,0,5,0,0,0,0,0,0,1,7,7,526,708,FALSE,"MountainView"
"68","teMVslaQ3d4","UCqHAX8CXwPtnL70_qGfpbRw",0,0,0,0,0,0,0,0,0,0,0,0,0,0,0,0,0,1,7,2,FALSE,"MountainView"
"69","ueiX8XTlRZk","UCqOnaj-CbuX1b6WbsMHtjhA",0,0,0,0,0,0,0,0,0,0,0,0,0,0,0,0,0,1,5,5,FALSE,"MountainView"
"70","v1_l8Bebhc8","UCUf9WxPStHs1W_2SoA-iynQ",0,0,0,0,0,0,0,0,0,0,0,0,0,0,0,0,0,0,0,0,FALSE,"MountainView"
"71","v5vv5n80PwA","UCHik4hrjbF11y_LehYAz66A",0,0,0,0,0,0,0,0,0,0,0,0,0,0,0,0,0,0,1,2,FALSE,"MountainView"
"72","vDj5wpYjmpk","UCrxLH8tg3ne-xbZ1UeGhIXg",0,0,0,0,0,0,0,0,2,2,0,0,0,0,0,29,44,32,1042,489,FALSE,"MountainView"
"73","vWMS7Ody53M","UCwou3ykQwT6XZmzvcrQAY7g",0,0,0,0,1,0,1,0,0,0,0,0,0,0,0,11,30,22,35,168,FALSE,"MountainView"
"74","wMoKcocpXh4","UC9J90YMAx9agSGFin3GfmMw",0,0,0,1,4,0,0,0,13,25,0,0,0,0,0,3,2,0,1127,2742,FALSE,"MountainView"
"75","woeO0yBiuxk","UCz16Qhwcei6oLC7hR67y7yA",0,0,0,0,0,0,0,0,0,0,0,0,0,0,0,0,0,2,2,2,FALSE,"MountainView"
"76","xF39HQ_i0wo","UCeDldI6UhlJFmsceawh18Rg",0,0,0,0,0,0,0,0,2,0,0,0,0,1,0,11,23,22,783,447,FALSE,"MountainView"
"77","xU4awBzutAE","UCeDsvvR7tvQIdOhJNgDcaxw",0,0,0,0,0,0,0,0,0,0,0,0,0,0,0,1,3,3,7,4,FALSE,"MountainView"
"78","xbb8JLddO54","UCHCRsLAdm4D1mOXgbUBOfEQ",0,0,1,0,0,0,1,0,1,0,1,0,0,0,0,15,32,13,164,114,FALSE,"MountainView"
"79","xzCs8YUb9N4","UCJIQGelA_fooZKkgps4oNGQ",0,0,0,1,0,1,0,0,-1,1,0,0,0,1,0,9,5,5,36,96,FALSE,"MountainView"
"80","zbFq7vPTpQE","UCpN8Hq7vMqEB25FlQ0jZYEQ",1,0,0,0,0,1,0,0,1,0,0,0,0,0,0,27,13,13,46,50,FALSE,"MountainView"
"81","-79qSZpNkuA","UCpCjtzVN4cp3fHerJrGUALw",17,0,0,0,0,25,0,0,0,0,1,0,0,0,0,3120,0,1,4,3,FALSE,"MountainView"
"82","-8ZTYaA0O5w","UCeZETYmzl9s-XqJPLoo22oQ",2,0,0,0,0,15,0,0,0,0,0,0,0,0,0,493,0,0,4,0,FALSE,"MountainView"
"83","-AMUz-GSHYI","UCwZsDaMcXt4VdgXS9-3wUJw",0,0,0,0,0,0,0,0,0,0,0,0,0,0,0,23,0,0,0,0,FALSE,"MountainView"
"84","-KAZGbmWP6M","UCY-HdKNQzLiiN-I05fRFxwQ",0,0,0,0,0,0,0,0,0,0,0,0,0,0,0,57,0,0,0,0,FALSE,"MountainView"
"85","-SA4nvlS9O8","UCshfkdpahG1U4vKIDjE4D0Q",35,0,1,0,0,87,0,0,0,0,4,0,0,0,0,4084,9,16,20,32,FALSE,"MountainView"
"86","-TN_HDnGL3c","UCHp178ENUj1QfqX4tekEufw",181,0,0,0,0,186,0,0,0,0,6,0,0,0,0,9357,5,6,5,6,FALSE,"MountainView"
"87","-UySjRfobrw","UCnmxweI_z0iNpCXkhvKX4AA",0,0,0,0,0,0,0,0,0,0,0,0,0,0,0,76,0,0,0,1,FALSE,"MountainView"
"88","-aiVYPYfrJQ","UC-wREOvzygO6Nbaw07bwuJg",0,0,0,0,0,1,0,0,0,0,0,0,0,0,0,26,0,0,0,0,FALSE,"MountainView"
"89","-eAFo-ZbzC8","UCwZsDaMcXt4VdgXS9-3wUJw",6,0,0,0,0,2,0,0,0,0,16,0,0,0,0,110,0,0,0,0,FALSE,"MountainView"
"90","-kVW8pw3FX4","UC3YKu3MUKRKp311toBxm-6w",0,0,0,0,0,17,0,0,1,0,0,0,0,0,0,590,1,2,0,0,FALSE,"MountainView"
"91","-luBKUycJ7M","UCklWeg8LgKrDtqIarDdy26w",5,0,0,0,0,3,0,0,0,0,0,0,0,0,0,79,0,0,0,0,FALSE,"MountainView"
"92","-ybDgCfYyzc","UCTI83B4RncPpaAqMUSQyMsA",0,0,0,0,0,1,0,0,0,0,0,0,0,0,0,37,0,0,0,0,FALSE,"MountainView"
"93","0-EU_61JLkw","UCWj8D5UTB2qlhJ936Z6jnzg",0,0,0,0,0,0,0,0,1,0,0,0,0,0,0,59,0,0,1,0,FALSE,"MountainView"
"94","09k3XeCGKuA","UCHJxYOJW7mAY_GFSrNSg-ow",0,0,0,0,0,0,0,0,0,0,0,0,0,0,0,2,0,0,0,0,FALSE,"MountainView"
"95","0EWD5SVqlCk","UCu8Qo4ecAKzgRPzRk_SN8hw",0,0,0,0,0,0,0,0,0,0,1,0,0,0,0,72,1,0,0,2,FALSE,"MountainView"
"96","0S300BYA0To","UChJH7Xz66xyfsaiOQNwioGQ",1,0,0,0,0,2,0,0,0,1,4,0,0,0,1,63,11,0,0,94,FALSE,"MountainView"
"97","0pnegq3yiVQ","UCpCjtzVN4cp3fHerJrGUALw",3,0,0,0,0,12,0,0,0,0,1,0,0,0,0,504,2,1,1,0,FALSE,"MountainView"
"98","146r5oLko8w","UCeR0n8d3ShTn_yrMhpwyE1Q",0,0,0,0,0,90,0,0,0,0,7,0,0,0,0,3231,1,4,0,3,FALSE,"MountainView"
"99","16lz7hFJkG4","UClA6nKqxw6xyiPHhRBdFuXQ",34,0,0,0,0,62,0,0,0,0,1,0,0,0,0,2214,3,7,4,6,FALSE,"MountainView"
"100","1GRjy5ZMJeQ","UC_TUZdqnzKzc5wtTw2fcwyw",0,0,0,0,0,2,0,0,0,0,0,0,0,0,0,212,1,3,1,0,FALSE,"MountainView"
"101","1KWDpiZjPRk","UCSBK3I5RO6DzSW5XZyyKAOg",0,0,0,0,0,0,0,0,0,0,0,0,0,0,0,21,0,0,0,4,FALSE,"MountainView"
"102","1Q80ap9sPOg","UCc8uazfg7pW_w3LwvhHeN-A",3,0,0,0,0,8,0,0,0,0,0,0,0,0,0,788,4,2,4,1,FALSE,"MountainView"
"103","1Sawiqu6ih8","UCdxIQ2jpxpUR6Usle08cKBA",0,0,0,0,0,0,0,0,0,0,0,0,0,0,0,24,0,2,0,1,FALSE,"MountainView"
"104","1eTrmzPEF64","UCCjkaUG78rtS61_wnTC2FJw",0,0,0,0,0,0,0,0,0,0,0,0,0,0,0,10,0,0,0,0,FALSE,"MountainView"
"105","1ldCCBt6YiI","UCww58ChXKmlmddmBxhrRtlQ",0,0,0,0,0,1,0,0,0,0,0,0,0,0,0,48,2,1,0,0,FALSE,"MountainView"
"106","1ppovS9RM-A","UCQOWCbGyMpVOx2UGRuTB8ew",0,0,0,0,0,0,0,0,0,0,0,0,0,0,0,4,0,0,0,0,FALSE,"MountainView"
"107","1t-BdxjYV98","UCTy6ZpC2SYoG3oxExt1pJrQ",8,0,0,1,0,24,0,0,0,0,2,0,0,0,0,1739,16,24,29,28,FALSE,"MountainView"
"108","2E6xtcUjF8c","UCklWeg8LgKrDtqIarDdy26w",6,0,0,0,0,7,0,0,0,0,1,0,0,0,0,191,0,0,3,0,FALSE,"MountainView"
"109","2FQ53xKFgu4","UCx86SD3tvd0YwPAg16ZvFGQ",0,0,0,0,0,1,0,0,0,0,0,0,0,0,0,17,1,0,0,0,FALSE,"MountainView"
"110","2FRuZfOzXo0","UC-wREOvzygO6Nbaw07bwuJg",11,0,0,0,0,3,0,0,0,0,3,0,0,0,0,211,0,2,5,2,FALSE,"MountainView"
"111","2OxpknhI9ac","UC_Pcq_EnxpMEYUaPGJSxjVg",0,0,0,0,0,1,0,0,0,0,0,0,0,0,0,36,1,0,0,3,FALSE,"MountainView"
"112","2PPZrkAPwKs","UC-wREOvzygO6Nbaw07bwuJg",1,0,0,0,0,3,0,0,0,0,0,0,0,0,0,109,0,0,0,0,FALSE,"MountainView"
"113","2SwLUDzcXkA","UC2T90biav3q2mE0AlIt8wOg",0,0,0,0,0,1,0,0,0,0,2,0,0,0,0,144,0,0,0,1,FALSE,"MountainView"
"114","2VRF8uMmgIk","UC4DS5dhyfVxFg0S5Ef1GW2A",1,0,0,0,0,4,0,0,0,0,3,0,0,0,0,76,0,0,0,0,FALSE,"MountainView"
"115","2XUfLtiJlOE","UC-wREOvzygO6Nbaw07bwuJg",0,0,0,0,0,1,0,0,0,0,0,0,0,0,0,18,0,0,0,0,FALSE,"MountainView"
"116","2cVugl0GZco","UCwZsDaMcXt4VdgXS9-3wUJw",0,0,0,0,0,5,0,0,0,0,0,0,0,0,0,132,0,0,0,0,FALSE,"MountainView"
"117","2dXPwnotkJw","UCp73plkwgk4EbrBwFxQhj-Q",1,0,0,0,0,3,0,0,0,0,0,0,0,0,0,25,0,0,0,0,FALSE,"MountainView"
"118","2duF-73coKc","UCgHo71-RUNkBo1OwPJnbXBQ",2,0,0,0,0,1,0,0,0,0,0,0,0,0,0,128,2,0,0,0,FALSE,"MountainView"
"119","2nd-IXdctAU","UCdT3v7rEc56R1JmU8FJb0UA",13,0,0,0,0,12,0,0,0,0,0,0,0,0,0,361,1,1,2,0,FALSE,"MountainView"
"120","2t4H9e1Phac","UC0_5KLWShIuvBlB4cZNxDrg",0,0,0,0,0,0,0,0,0,0,0,0,0,0,0,37,0,0,0,0,FALSE,"MountainView"
"121","2wAt6zjfgLQ","UCUsDect8lkY1aT2Au1emueA",0,0,0,0,0,0,0,0,0,0,1,0,0,0,0,29,0,0,1,0,FALSE,"MountainView"
"122","2wjyR9jBCFQ","UCeZETYmzl9s-XqJPLoo22oQ",12,0,0,0,0,20,0,0,0,0,1,0,0,0,0,1149,0,0,1,1,FALSE,"MountainView"
"123","32mEI-Ar7BE","UCBFkumGRW2AlZoZBS6i9OrQ",3,0,0,0,0,5,0,0,0,0,1,0,0,0,0,26,0,0,0,0,FALSE,"MountainView"
"124","39dLCsge1JQ","UCeAgAoMZHbgY4sx2h4smwlQ",0,0,0,0,0,1,0,0,0,0,0,0,0,0,0,79,0,0,0,0,FALSE,"MountainView"
"125","3JQDWRyVNvg","UCwG8nPNK5vDSwC3RHf_r4KQ",0,0,0,0,0,0,1,0,0,0,0,0,0,0,0,27,0,0,0,0,FALSE,"MountainView"
"126","3QnKcOmkTHc","UCdxIQ2jpxpUR6Usle08cKBA",2,0,0,0,0,1,0,0,0,0,0,0,0,0,0,34,0,0,1,0,FALSE,"MountainView"
"127","3l7iPYHPYpk","UCsdqpqgsSFTRSnyyqHVSgyw",165,0,3,7,22,1896,11,11,79,340,77,0,1,5,11,770444,1615,1344,9345,56577,TRUE,"MountainView"
"128","3ozvkYzpupo","UCAVaWMoFZEWXGXuDxKaLNZA",0,0,0,0,0,1,0,0,0,0,0,0,0,0,0,33,0,0,0,0,FALSE,"MountainView"
"129","3vgb1glJ2HU","UCeR0n8d3ShTn_yrMhpwyE1Q",28,0,0,0,0,125,0,0,0,0,5,0,0,0,0,3270,2,2,6,2,FALSE,"MountainView"
"130","41r789GAaLg","UCunrXczA2I4D9ZB7wQpxAjg",4,0,0,0,0,10,0,0,0,0,2,0,0,0,0,571,0,1,1,0,FALSE,"MountainView"
"131","43rDPq7eLGY","UCH6H18a2gFAL-h-E5mqcFcg",2,0,0,0,0,2,0,0,0,0,0,0,0,0,0,49,0,0,0,0,FALSE,"MountainView"
"132","4BpKbXbo1D0","UC1EfW7_zui5iysSCDU9wQ9A",1,0,0,0,0,0,0,0,0,0,0,0,0,0,0,35,0,1,1,1,FALSE,"MountainView"
"133","4JQi8BZR_ys","UCMzyGRt1P9-54Qol69Et-Cg",1,0,0,0,0,5,0,0,0,0,1,0,0,0,0,203,2,0,0,1,FALSE,"MountainView"
"134","4YPeAX0KZfw","UCK2_1hVLXx9TstSsVhsFGug",8,0,0,0,0,43,0,1,0,0,0,0,0,0,0,1331,278,24,15,10,FALSE,"MountainView"
"135","4egwSEw_Ymg","UCj5b1hQXfQlApUKdPKH0zmA",8,0,0,0,0,6,0,0,0,0,0,0,0,0,0,52,2,3,3,1,FALSE,"MountainView"
"136","4gACtC_qmRQ","UC3YKu3MUKRKp311toBxm-6w",3,0,0,0,0,4,0,0,0,0,1,0,0,0,0,493,3,1,3,1,FALSE,"MountainView"
"137","4tVwJ-KkXI4","UC3YKu3MUKRKp311toBxm-6w",3,0,0,0,0,7,0,1,1,0,0,0,0,0,0,263,0,1,2,2,FALSE,"MountainView"
"138","4tnjS3SqugQ","UCRKoXyEx1OLExv3Rto2OJ6g",4,0,0,0,0,6,0,0,0,1,0,0,0,0,0,1181,44,49,68,43,FALSE,"MountainView"
"139","5-W2U38v6Qg","UCpnWEyfnK__rmuOaSOhpMbw",1,0,0,0,0,3,0,0,0,0,0,0,0,0,0,40,1,0,1,0,FALSE,"MountainView"
"140","5BKoqUAS6m0","UCOy-R5BImDMUGInEEpdyY2g",0,0,0,0,0,0,0,0,0,0,0,0,0,0,0,28,0,0,0,0,FALSE,"MountainView"
"141","5ShV2q48r7c","UCHp178ENUj1QfqX4tekEufw",162,0,0,0,0,340,0,0,0,0,32,0,0,0,0,17575,13,20,24,39,FALSE,"MountainView"
"142","5aeT2O-ROpc","UCNff3JtDG1moAd-vRZzqRjg",1,0,0,0,0,6,0,0,0,0,0,0,0,0,0,217,2,0,0,0,FALSE,"MountainView"
"143","5qYOR7gBGWU","UCzMioHwEJ138WnLD8AJ1JKQ",3,0,0,0,0,3,0,0,0,0,0,0,0,0,0,40,0,0,0,1,FALSE,"MountainView"
"144","5vynLTiVUEU","UC44vBcd3dchjIZQd_nRK2PQ",0,0,0,0,0,1,0,0,0,0,0,0,0,0,0,128,26,0,50,12,FALSE,"MountainView"
"145","62b4HLMLIDQ","UC3YKu3MUKRKp311toBxm-6w",2,0,0,0,0,9,0,0,1,0,1,0,0,0,0,565,1,0,4,0,FALSE,"MountainView"
"146","66mDDxgiTs0","UCFCERj2_Q6RoH8TdbdTxWAQ",0,0,0,0,1,0,0,0,6,7,0,0,0,0,0,80,3,0,588,1251,FALSE,"MountainView"
"147","6Cei7Etgjxg","UCvAfHpIqmR8a-25f0Fbz0xw",5,0,0,0,0,12,0,0,0,0,1,0,0,0,0,384,0,0,0,0,FALSE,"MountainView"
"148","6GvaPBDOM-Q","UCzgMewSiAJ6NoF-k9uEke4g",0,0,0,0,0,0,0,0,0,0,0,0,0,0,0,17,0,0,0,0,FALSE,"MountainView"
"149","6HIVaDwkjpE","UC7a5ZDZCj6hhFIUTwd903Dw",4,0,0,0,0,3,0,0,0,0,0,0,0,0,0,38,0,0,0,0,FALSE,"MountainView"
"150","6ZPSdfTh7Lw","UCzSlBMtyYxz4p3Z8IvYKm2A",0,0,0,0,0,1,0,0,0,0,1,0,0,0,0,23,0,0,0,0,FALSE,"MountainView"
"151","6jhH_PfA0Zs","UCcnIsK8y_HbEODiyNiLm22w",3,0,0,0,0,2,0,0,0,0,0,0,0,0,0,22,0,0,2,0,FALSE,"MountainView"
"152","6wioo0N982U","UCYTFg8y_WoArAOYvzOHcT0w",3,0,0,0,0,6,0,0,0,0,0,0,0,0,0,463,3,4,3,4,FALSE,"MountainView"
"153","72jiWIv7tTg","UCsmo-PAjzC54gOjkk4S1axQ",2,0,0,0,0,27,0,0,0,0,3,0,0,0,0,3514,0,0,10,0,TRUE,"MountainView"
"154","73-YMLNGgEA","UCYTFg8y_WoArAOYvzOHcT0w",3,0,0,0,0,2,0,0,0,0,0,0,0,0,0,90,1,0,3,1,FALSE,"MountainView"
"155","7JTVumeErDc","UCa9-a7t6l5Cntp5Gx7_IauQ",0,0,0,0,0,3,0,0,0,0,0,0,0,0,0,40,0,0,0,0,FALSE,"MountainView"
"156","7LScoRBCNsI","UC6M2hF_gNP-YAPVnWG9U_xA",0,0,0,0,0,0,0,0,0,0,0,0,0,0,0,10,0,0,0,0,FALSE,"MountainView"
"157","7RxktkWVDaE","UCmz709FPCCj0hnuAc7-ZmzQ",0,0,0,0,0,2,0,0,0,0,0,0,0,0,0,7,3,0,2,2,FALSE,"MountainView"
"158","7UCKlidQhKc","UCzgMewSiAJ6NoF-k9uEke4g",0,0,0,0,0,0,0,0,0,0,0,0,0,0,0,19,0,0,0,1,FALSE,"MountainView"
"159","7VbNeToDsns","UCx86SD3tvd0YwPAg16ZvFGQ",0,0,0,0,0,0,0,0,0,0,0,0,0,0,0,25,0,0,1,0,FALSE,"MountainView"
"160","7_Symx2lQE0","UClA6nKqxw6xyiPHhRBdFuXQ",54,0,0,0,0,59,0,0,1,0,0,0,0,0,0,2139,5,3,7,4,FALSE,"MountainView"
"161","7lqGoz6N9Zk","UCNJjVOEVVfDWcXH0fKs0rmg",3,0,0,0,0,8,0,0,0,0,1,0,0,0,0,357,1,0,1,0,FALSE,"MountainView"
"162","7rFgLYm-IQs","UCF2R5vhI8tYDj1SqMuFxisQ",0,0,0,0,0,2,0,0,0,0,0,0,0,0,0,227,3,3,3,3,FALSE,"MountainView"
"163","7uw492l1lC0","UCdt7Ewx8Ixjevx95_8iXrHA",0,0,0,0,0,5,0,0,0,0,0,0,0,0,0,720,6,4,9,15,FALSE,"MountainView"
"164","8JypHPpS0po","UCwYOFq7ytT-jMWL5cAoqDow",19,0,0,0,0,12,0,0,0,0,1,0,0,0,0,466,4,1,3,5,FALSE,"MountainView"
"165","8M5A1Mc8UHY","UCHtYVAQ4tvV3Y7eD6OERrdw",0,0,0,0,0,0,0,0,0,0,0,0,0,0,0,74,0,0,1,3,FALSE,"MountainView"
"166","8OpVpdkFVKk","UCcwytlFPZ0Bwquoxjo6JNcQ",0,0,0,0,0,0,0,0,0,0,0,0,0,0,0,81,0,0,1,0,FALSE,"MountainView"
"167","8REiXqXWBBo","UC2BdAzVGCzyCc9eubGTSCVA",2,0,0,0,0,8,0,0,0,0,1,0,0,0,0,167,1,0,0,3,FALSE,"MountainView"
"168","8jLr3OSb9fE","UCFx906tHk62Ko2dyAqIF-rg",0,0,0,0,0,2,0,0,0,0,0,0,0,0,0,106,0,0,1,0,FALSE,"MountainView"
"169","8vKB1wJB8xs","UCGlV8J84WMn3MyAQBtM5OMA",0,0,0,0,0,1,0,0,0,0,0,0,0,0,0,39,0,0,0,0,FALSE,"MountainView"
"170","9NfgWfG6LMg","UCx86SD3tvd0YwPAg16ZvFGQ",0,0,0,0,0,1,0,0,0,0,1,0,0,0,0,18,1,0,1,0,FALSE,"MountainView"
"171","9cU-RVvlH5s","UCBpDxULD9gmsT36VPHPllcA",0,0,0,0,0,3,0,0,0,0,0,0,0,0,0,5,1,0,0,0,FALSE,"MountainView"
"172","A2_u_pnspRI","UCmz709FPCCj0hnuAc7-ZmzQ",0,0,0,0,0,2,0,0,0,0,0,0,0,0,0,11,1,0,0,0,FALSE,"MountainView"
"173","A6LCUAXKmV8","UCFx906tHk62Ko2dyAqIF-rg",0,0,0,0,0,2,0,0,0,0,0,0,0,0,0,43,0,0,0,0,FALSE,"MountainView"
"174","A9J3AUwHISw","UC1yBKRuGpC1tSM73A0ZjYjQ",1549,0,0,0,0,1402,1,0,0,0,756,0,0,0,0,61650,17,18,26,17,FALSE,"MountainView"
"175","AXgSgGYI0JY","UCN1DFCLTspCf7JvstSqsGwQ",2,0,0,0,0,16,0,0,0,0,1,0,0,0,0,670,4,0,2,9,FALSE,"MountainView"
"176","AYZYKnVvC_c","UCklWeg8LgKrDtqIarDdy26w",5,0,0,0,0,7,0,0,0,0,0,0,0,0,0,117,0,0,3,1,FALSE,"MountainView"
"177","AeV08MSyTF8","UCdOZ-PdzCrMUpK5OGnyNDgg",0,0,0,0,0,0,0,0,0,0,0,0,0,0,0,4,0,0,0,0,FALSE,"MountainView"
"178","Ai1zV71DEqI","UCh9r6vmdDROBYw_UFRz-2sA",0,0,0,0,0,0,0,0,0,0,0,0,0,0,0,53,0,0,0,1,FALSE,"MountainView"
"179","B3J9s9cWcmY","UCpB-q13Tl2AoBi_TZhJWQkw",0,0,0,0,0,0,0,0,0,0,0,0,0,0,0,14,0,0,0,0,FALSE,"MountainView"
"180","B7_8zB425ms","UCYTFg8y_WoArAOYvzOHcT0w",2,0,0,0,0,5,0,0,0,0,1,0,0,0,0,105,0,1,1,1,FALSE,"MountainView"
"181","BJIHEnFJjgk","UCTI83B4RncPpaAqMUSQyMsA",5,0,0,0,0,5,0,0,0,0,0,0,0,0,0,143,0,2,1,1,FALSE,"MountainView"
"182","BR2olQ5GGBo","UCH2q5Mv5GELH6mbj5Gb6SYw",102,0,0,0,0,152,0,0,0,2,6,0,0,0,0,11459,38,19,46,34,FALSE,"MountainView"
"183","BdkFo5SjHdc","UCYTFg8y_WoArAOYvzOHcT0w",4,0,0,0,0,10,0,0,0,0,4,0,0,0,0,613,10,1,7,6,FALSE,"MountainView"
"184","Bek-26qqizk","UCSCta8gbSBTQIRc4qUlHGqw",2,0,0,0,0,1,0,0,0,0,0,0,0,0,0,16,0,0,0,0,FALSE,"MountainView"
"185","BlMBDOTRrXE","UCKQ0UsRHv18GBBwpj6DrAQw",2,0,0,0,0,8,0,0,0,0,0,0,0,0,0,672,6,0,14,9,FALSE,"MountainView"
"186","C9imvPNP4uo","UCkMXTIdDGurA3Q43muBhvYQ",9,0,0,0,0,12,0,0,0,0,1,0,0,0,0,75,0,0,0,0,FALSE,"MountainView"
"187","CCzyMuH89Q0","UC3C2eiMtEmnwVL8SjOlYQqA",0,0,0,0,0,0,0,0,0,0,0,0,0,0,0,35,0,0,0,0,FALSE,"MountainView"
"188","CRAdgUFtAaY","UCO-SLWk6X9fsT91PbrXs82A",2,0,0,0,0,0,0,0,0,0,1,0,0,0,0,39,1,0,1,1,FALSE,"MountainView"
"189","CiR05ZbbTz8","UCYTFg8y_WoArAOYvzOHcT0w",1,0,0,0,0,3,0,0,0,0,0,0,0,0,0,86,0,0,0,0,FALSE,"MountainView"
"190","Cmidjpjvsd4","UCeR0n8d3ShTn_yrMhpwyE1Q",2,0,0,0,0,114,0,0,0,0,3,0,0,0,0,4191,3,2,10,4,FALSE,"MountainView"
"191","CnebH4gTUXc","UCsdqpqgsSFTRSnyyqHVSgyw",9,0,0,2,0,104,0,1,2,2,20,0,0,0,0,273271,18,16,92,355,TRUE,"MountainView"
"192","CoFj68zPP0M","UCmiQsDvo22EmrLLSMS00RhA",0,0,0,0,0,0,0,0,0,0,0,0,0,0,0,15,0,0,0,0,FALSE,"MountainView"
"193","Cu6Y-ueGKY8","UC9BSrISkB5f6eG8am3Ab0qA",5,0,0,0,0,13,0,0,0,0,5,0,0,0,0,3613,0,1,0,2,FALSE,"MountainView"
"194","Cw10PozHwt4","UC961afJjnuO-7RM56E6tUyw",11,0,0,0,0,5,0,0,0,0,0,0,0,0,0,149,0,0,0,0,FALSE,"MountainView"
"195","CxF4xbWgShI","UCF4oWFHdY9bcGmxJXxKGvRA",0,0,0,0,0,0,0,0,0,0,0,0,0,0,0,49,0,1,0,0,FALSE,"MountainView"
"196","D0JtOqPEhlA","UCw7KY3E5eOYJt8EyssnGJyA",12,0,0,0,0,28,0,0,0,0,0,0,0,0,0,577,0,0,0,1,FALSE,"MountainView"
"197","DSjQ0yYWIok","UC2c9C-wlXnn8qsBz2fUno6A",4,0,0,0,0,6,0,0,0,0,0,0,0,0,0,140,0,0,0,0,FALSE,"MountainView"
"198","DZbaLDOMqo0","UClV2HD8IQpcmnhfWza8TWrQ",0,0,0,0,0,0,0,0,0,0,0,0,0,0,0,7,0,0,0,0,FALSE,"MountainView"
"199","DgkhN6GCW5s","UCxW94AwsXy1Ba9PYe0dtEhg",8,0,0,0,0,31,0,0,0,0,1,0,0,0,0,2331,4,6,5,3,FALSE,"MountainView"
"200","EQoUcZ3W9fk","UCHJxYOJW7mAY_GFSrNSg-ow",0,0,0,0,0,0,0,0,0,0,0,0,0,0,0,6,0,0,0,2,FALSE,"MountainView"
"201","ER2kt70Kyko","UCQKb5bj-REV1P8qbO4ZQy_w",0,0,0,0,0,3,0,0,0,0,0,0,0,0,0,262,0,0,0,0,FALSE,"MountainView"
"202","EZBLgzz6INs","UCF2R5vhI8tYDj1SqMuFxisQ",0,0,0,0,0,2,1,0,0,0,0,0,0,0,0,729,3,0,2,3,FALSE,"MountainView"
"203","Efs06bnnoY0","UCCj8u_m1sFIiS_UKQm28TnA",1,0,0,0,0,3,0,0,0,0,0,0,0,0,0,113,0,0,0,0,FALSE,"MountainView"
"204","EuWaLvVzjGY","UC4DS5dhyfVxFg0S5Ef1GW2A",13,0,0,0,0,5,0,0,0,0,2,0,0,0,0,210,1,0,0,1,FALSE,"MountainView"
"205","F4yWFUsH70I","UCrl45VnOOPxnQEBw--r-b0A",2,0,0,0,0,1,0,0,0,0,0,0,0,0,0,28,0,0,0,0,FALSE,"MountainView"
"206","F7JHiyL9adE","UCLfXfNSzQHWdQ1PcmPEgS-Q",15,0,0,0,0,6,0,0,0,0,1,0,0,0,0,109,0,0,2,0,FALSE,"MountainView"
"207","F9B3Ey9xd4o","UCj5b1hQXfQlApUKdPKH0zmA",9,0,0,0,0,23,0,0,0,0,0,0,0,0,0,1906,7,5,7,13,FALSE,"MountainView"
"208","FLbNVcaIBrg","UCoXnwaiGRV-Zvp-Z4rFPEfg",0,0,0,0,0,0,0,0,0,0,1,0,0,0,0,5,0,0,0,0,FALSE,"MountainView"
"209","F_kYCSTyLp8","UCwZsDaMcXt4VdgXS9-3wUJw",1,0,0,0,0,2,0,0,0,0,0,0,0,0,0,74,0,0,0,0,FALSE,"MountainView"
"210","Fi9_PPf32Wk","UCsir9pFBZJ6dQrc8yAFrA1A",0,0,0,0,0,1,0,0,0,0,0,0,0,0,0,14,0,0,0,2,FALSE,"MountainView"
"211","Fo0IMPFVdBg","UCCsNVEHO7H-N-i8-LxnnGzA",5,0,0,0,0,4,0,0,0,0,1,0,0,0,0,150,0,0,1,0,FALSE,"MountainView"
"212","Fu4ku_Xv4gs","UCwG8nPNK5vDSwC3RHf_r4KQ",0,0,0,0,0,0,1,0,0,0,0,0,0,0,0,59,0,0,0,0,FALSE,"MountainView"
"213","G2fZhg6PqDA","UCTy6ZpC2SYoG3oxExt1pJrQ",3,0,0,0,0,10,0,1,0,1,0,0,0,0,0,1258,17,12,16,9,FALSE,"MountainView"
"214","G8vNKz78ZuY","UCc3Qp_8lAgXz6r5z7sxxGcQ",0,0,0,0,0,2,0,0,0,0,0,0,0,0,0,64,0,0,0,1,FALSE,"MountainView"
"215","GIJ1SJ71Wos","UCx86SD3tvd0YwPAg16ZvFGQ",0,0,0,0,0,1,0,0,0,0,0,0,0,0,0,36,1,1,1,0,FALSE,"MountainView"
"216","GSb37fBO5e4","UCpLEcvPK6L9-yB1IOpkcJkA",1,0,0,0,0,4,0,0,0,0,0,0,0,0,0,15,0,0,0,0,FALSE,"MountainView"
"217","GYJdvnMroQQ","UCrQovEc4HKkAwZH_afpZHew",0,0,0,0,0,3,0,0,0,0,2,0,0,0,0,138,0,0,1,2,FALSE,"MountainView"
"218","Gr7-64E_1U8","UCYTFg8y_WoArAOYvzOHcT0w",5,0,0,0,0,5,0,0,0,0,0,0,0,0,0,284,3,1,3,3,FALSE,"MountainView"
"219","GzwOMnnI2S8","UCsmo-PAjzC54gOjkk4S1axQ",13,0,0,0,0,94,0,0,1,0,6,0,0,0,0,17614,0,0,84,0,TRUE,"MountainView"
"220","HI1ykm3gtUA","UCpCjtzVN4cp3fHerJrGUALw",32,0,0,0,0,40,0,0,0,0,1,0,0,0,0,3355,0,0,1,1,FALSE,"MountainView"
"221","HI3LdJ0rwN8","UCsdqpqgsSFTRSnyyqHVSgyw",4,0,0,0,0,26,0,0,0,1,2,0,0,0,0,7056,1,0,5,11,TRUE,"MountainView"
"222","HYKSdKJPtbo","UCTI83B4RncPpaAqMUSQyMsA",6,0,0,0,0,1,0,0,0,0,0,0,0,0,0,113,0,0,0,1,FALSE,"MountainView"
"223","H_Tmg565TjY","UCfYV9WgaGEBrX3scTsqTEWg",6,0,0,0,0,0,0,0,0,0,0,0,0,0,0,97,2,0,4,1,FALSE,"MountainView"
"224","HdtFtObKPus","UCcwytlFPZ0Bwquoxjo6JNcQ",5,0,0,0,0,1,0,0,0,0,0,0,0,0,0,246,0,1,0,0,FALSE,"MountainView"
"225","HfWQWiGhycQ","UCzMioHwEJ138WnLD8AJ1JKQ",0,0,0,0,0,3,0,0,0,0,0,0,0,0,0,48,0,0,1,0,FALSE,"MountainView"
"226","Hi3w93SUs4k","UCTRXfDSloX6rLbJAg3t4Gkg",2,0,0,0,0,2,0,0,0,0,0,0,0,0,0,38,0,0,9,2,FALSE,"MountainView"
"227","HjPF1UbkzNs","UCTikFhzCiIXfOMS7D29dvYg",74,0,0,0,0,307,0,0,0,0,26,0,0,0,0,8422,4,5,7,1,FALSE,"MountainView"
"228","HtHQCes8JuY","UCdoaTr17fIb3vyql-uFf-UQ",0,0,0,0,0,4,0,0,0,0,2,0,0,0,0,316,0,0,0,0,FALSE,"MountainView"
"229","HuDuyEgdwM4","UCTikFhzCiIXfOMS7D29dvYg",74,0,0,0,0,351,0,0,1,0,38,0,0,0,0,9114,5,5,9,15,FALSE,"MountainView"
"230","HyzdIhY_t2o","UCdxIQ2jpxpUR6Usle08cKBA",0,0,0,0,0,0,0,0,0,0,0,0,0,0,0,12,0,0,0,0,FALSE,"MountainView"
"231","I3wxMBnSvmA","UCYTFg8y_WoArAOYvzOHcT0w",2,0,0,0,0,3,0,0,0,0,4,0,0,0,0,188,4,1,1,3,FALSE,"MountainView"
"232","I716MlmUMe8","UCYTFg8y_WoArAOYvzOHcT0w",2,0,0,0,0,2,0,0,0,0,1,0,0,0,0,112,0,3,2,2,FALSE,"MountainView"
"233","IFapdUIEtRQ","UCklWeg8LgKrDtqIarDdy26w",1,0,0,0,0,2,0,0,0,0,0,0,0,0,0,96,1,0,0,1,FALSE,"MountainView"
"234","IJ5ntCcoSfM","UCckzK7Yjt5Qb_Vuk9rkR1Qw",16,0,0,0,0,3,0,0,0,0,1,0,0,0,0,47,0,0,0,3,FALSE,"MountainView"
"235","ILSlcBAP7Hc","UCe76MlqVIbKw5zQVgEJ0JUA",1,0,0,0,0,1,0,0,0,0,0,0,0,0,0,30,0,0,0,0,FALSE,"MountainView"
"236","IP8EMNW4sfM","UC7GfgbTJuA6_gi2XEaBcNRw",4,0,0,0,0,4,0,0,0,0,0,0,0,0,0,242,1,1,0,0,FALSE,"MountainView"
"237","JPOMkX2Q-vk","UCj5b1hQXfQlApUKdPKH0zmA",8,0,0,0,0,17,0,0,0,0,1,0,0,0,0,1551,6,4,8,9,FALSE,"MountainView"
"238","JU-gvMwvp80","UCjSK1nIKzhnhkPaETOR8i4g",0,0,0,0,0,0,0,0,0,0,0,0,0,0,0,3,0,0,0,0,FALSE,"MountainView"
"239","JaDVs-HhJ8Q","UC1WZQ3zcyKxW4pT63kq-hGA",2,0,0,0,0,5,0,0,0,0,0,0,0,0,0,93,1,2,0,6,FALSE,"MountainView"
"240","Jd63Eh5-Dbc","UC-1ZlmsR4npi5qgQuQpjvTA",0,0,0,0,0,4,0,0,0,0,2,0,0,0,0,125,0,0,0,0,FALSE,"MountainView"
"241","Jj6Cqb_ojI4","UC_Pcq_EnxpMEYUaPGJSxjVg",2,0,0,0,0,3,0,0,0,0,1,0,0,0,0,22,1,0,1,1,FALSE,"MountainView"
"242","JuFoRjLAxwo","UCzKYnmdfust2aYCiZ6VOfaQ",10,0,0,-1,0,18,0,1,0,0,3,0,0,0,0,2912,39,32,34,25,FALSE,"MountainView"
"243","JwDux24WN-8","UCzsUvSYZYVot0Ung8pHBCSw",4,0,0,0,0,1,0,0,0,0,0,0,0,0,0,62,0,1,0,0,FALSE,"MountainView"
"244","KA_VqHnE0JY","UCRV5SPiBb4sL6tjTTHsKtjA",1,0,0,0,0,9,0,0,0,0,0,0,0,0,0,221,1,3,2,1,FALSE,"MountainView"
"245","KJjY9EVrWoI","UCUsDect8lkY1aT2Au1emueA",0,0,0,0,0,0,0,0,0,0,0,0,0,0,0,4,0,0,0,0,FALSE,"MountainView"
"246","KO3eTT-ybyw","UCJle03Kg1eWiytljF2-Mpmw",0,0,0,0,0,3,0,0,0,0,0,0,0,0,0,25,0,0,0,0,FALSE,"MountainView"
"247","KQCBsM-6Z64","UCZ0TNvslkeypFMNkNDqASwQ",1,0,0,0,0,7,0,0,0,0,0,0,0,0,0,98,0,0,0,1,FALSE,"MountainView"
"248","K__vLLZzgys","UC_wVG1XpRqUnMLHpL-vhJFA",1,0,0,0,0,3,0,0,0,0,0,0,0,0,0,72,1,2,4,0,FALSE,"MountainView"
"249","KilMn1yFs5U","UC4dYkXNe98GGs2ZdeAejN1Q",4,0,0,0,0,9,0,0,0,0,1,0,0,0,0,182,0,0,0,0,FALSE,"MountainView"
"250","Kp9aAbI7AAI","UCw0llXwICI72OPgrrQrGhKg",5,0,0,0,0,10,0,0,0,0,0,0,0,0,0,125,0,0,2,2,FALSE,"MountainView"
"251","LADYR2d1KSM","UC_m3hWAlZvZKgknYhIPe0Qg",1,0,0,0,0,11,1,1,0,0,1,0,0,0,0,478,4,9,20,2,FALSE,"MountainView"
"252","LXlgQEFsqTg","UCN1DFCLTspCf7JvstSqsGwQ",12,0,0,0,0,21,0,0,0,0,4,0,0,0,0,485,3,7,6,4,FALSE,"MountainView"
"253","LrZ8UNTHYI8","UCYCfZxlwE-cIGlO1kPPbUuQ",5,0,0,0,0,1,0,0,0,0,1,0,0,0,0,14,0,0,0,0,FALSE,"MountainView"
"254","M4BYOPBJ2eg","UCdQgX7ngo9S4bGIkOdMPkqQ",3,0,0,0,0,12,0,0,0,0,0,0,0,0,0,179,13,2,4,4,FALSE,"MountainView"
"255","M5r7vp2tQjE","UCCvwGPxwnzk9NUJcVzX8RHw",0,0,0,0,0,2,0,0,0,0,0,0,0,0,0,57,0,0,0,1,FALSE,"MountainView"
"256","M82Nj33ruI0","UCsmo-PAjzC54gOjkk4S1axQ",5,0,0,0,0,13,0,0,0,0,3,0,0,0,0,4094,0,0,7,0,TRUE,"MountainView"
"257","MNXDRnOXqGs","UCQb7rtIRzfnvCGWyoc5jnVg",15,0,0,0,0,12,0,0,1,0,2,0,0,0,0,1054,10,8,33,49,FALSE,"MountainView"
"258","MWCAtPW3cHQ","UCl-CvSE101Z0JttfgimeWuQ",2,0,0,0,0,7,0,0,1,0,1,0,0,0,0,1114,1,0,8,12,FALSE,"MountainView"
"259","MnlQ3LpCUTY","UCa-eWKTeefRDzyH--mR8xdg",74,0,0,0,0,64,0,0,0,0,6,0,0,0,0,2402,0,0,3,2,FALSE,"MountainView"
"260","MoQiCZCv1c0","UC3YKu3MUKRKp311toBxm-6w",7,0,0,0,0,21,0,0,2,0,1,0,0,0,0,990,3,1,4,5,FALSE,"MountainView"
"261","MyAVfcAFSqE","UC4dYkXNe98GGs2ZdeAejN1Q",12,0,0,0,0,9,0,0,0,0,0,0,0,0,0,218,0,0,0,0,FALSE,"MountainView"
"262","N0T-rOy0k_I","UC6M2hF_gNP-YAPVnWG9U_xA",1,0,0,0,0,1,0,0,0,0,0,0,0,0,0,70,0,0,1,0,FALSE,"MountainView"
"263","N4jW-bmaB0A","UCSZLwqSjVuJuoxyD4enL4IQ",3,0,0,0,0,2,0,0,0,0,0,0,0,0,0,82,0,2,0,0,FALSE,"MountainView"
"264","N8QpKpDyhZo","UClt32M8bBXd2Up6YV4rjk4g",1,0,0,0,0,14,0,0,0,0,1,0,0,0,0,572,4,4,36,15,FALSE,"MountainView"
"265","NMpBheRZTvU","UCqzZjFsed_ZWW-mkmivuzpw",1,0,0,0,0,5,0,0,0,0,6,0,0,0,0,487,0,0,1,0,FALSE,"MountainView"
"266","NOMJ8ZfZXMk","UCUsDect8lkY1aT2Au1emueA",0,0,0,0,0,0,0,0,0,0,0,0,0,0,0,3,0,0,0,0,FALSE,"MountainView"
"267","NRmW1C7cg70","UCujxXwkVKrGyAulSfOqIQ7w",11,0,0,0,0,4,0,0,0,0,0,0,0,0,0,101,0,0,0,0,FALSE,"MountainView"
"268","NbfgHJlRUIc","UCTI83B4RncPpaAqMUSQyMsA",8,0,0,0,0,27,0,0,0,0,3,0,0,0,0,2237,2,4,15,20,FALSE,"MountainView"
"269","Ne49XtJIOrQ","UCshfkdpahG1U4vKIDjE4D0Q",43,0,0,0,0,124,0,0,0,0,6,0,0,0,0,4689,3,3,8,2,FALSE,"MountainView"
"270","Nx01RUn2T5E","UCmasmCfIjGCauxgSIdWm5cw",0,0,0,0,0,0,0,0,0,0,0,0,0,0,0,1,0,0,0,0,FALSE,"MountainView"
"271","NyqW3GMTUAo","UC80XJk83LNlQFJe4yaBFZnw",0,0,0,0,0,2,0,0,0,0,0,0,0,0,0,25,2,0,0,0,FALSE,"MountainView"
"272","NzCfZwTlRpo","UC3gZaIGe8C3cYcNq9Rb1i2g",0,0,0,0,0,1,0,0,0,0,1,0,0,0,0,23,0,1,0,0,FALSE,"MountainView"
"273","O5SsONAdI7U","UCklWeg8LgKrDtqIarDdy26w",1,0,0,0,0,4,0,0,0,0,0,0,0,0,0,65,1,0,0,1,FALSE,"MountainView"
"274","O5YHSZlQu4U","UCHp178ENUj1QfqX4tekEufw",223,0,0,0,0,417,2,0,1,1,38,0,0,0,0,16852,22,31,59,98,FALSE,"MountainView"
"275","O6CVW2sF9AI","UCzdxoBV_OHaIQwA4YIW1TAQ",0,0,0,0,0,0,0,0,1,0,0,0,0,0,0,4,6,1,4,0,FALSE,"MountainView"
"276","OSPMVhFpJ_A","UCrkDrZP-nN7fSfpRC1XEMZg",4,0,0,0,0,13,0,0,0,0,0,0,0,0,0,392,1,0,2,2,FALSE,"MountainView"
"277","OsXQ1KJv1mw","UCKcGZgLvLdgD1o3dh7JadkA",1119,21,10,10,9,28585,231,194,406,427,190,1,0,2,0,743830,17436,12607,20878,21088,FALSE,"MountainView"
"278","P0e8jvlkWTc","UCuLUA3Q6u6t6jWmKM4hWltQ",0,0,0,0,0,0,0,0,0,0,0,0,0,0,0,10,0,0,2,0,FALSE,"MountainView"
"279","P4LNKeaLE-A","UCfMntUU-LSzF7Xz3SAtKXsA",3,0,0,0,0,2,0,0,0,0,1,0,0,0,0,363,0,1,0,1,FALSE,"MountainView"
"280","PXbB3bTlr24","UCIjeovGkcGrrDlpS1G8gH1Q",0,0,0,0,0,0,0,0,0,0,0,0,0,0,0,17,0,0,0,0,FALSE,"MountainView"
"281","PcvmRtl8Oro","UCuJaPq8tIaUDL6x0l21eAoQ",1,0,0,0,0,1,0,0,0,0,0,0,0,0,0,13,0,0,0,0,FALSE,"MountainView"
"282","PeNQYZ4-OCQ","UCzMioHwEJ138WnLD8AJ1JKQ",4,0,0,0,0,3,0,0,0,0,0,0,0,0,0,61,0,0,0,0,FALSE,"MountainView"
"283","Pw4NDiyoi70","UCY-HdKNQzLiiN-I05fRFxwQ",0,0,0,0,0,0,0,0,0,0,0,0,0,0,0,121,0,1,1,0,FALSE,"MountainView"
"284","PwGFvG6pUjc","UCN1DFCLTspCf7JvstSqsGwQ",8,0,0,0,0,10,0,0,1,0,0,0,0,0,0,450,2,2,6,5,FALSE,"MountainView"
"285","Q5u76t07xwY","UCn2Pd4qdGpHKfQxt_TrCWtA",2,0,0,0,0,4,0,0,0,0,0,0,0,0,0,78,0,0,0,0,FALSE,"MountainView"
"286","QD_iJUUT7tY","UCThYRm3U3784EatwcAmA19w",0,0,0,0,0,5,0,0,0,0,0,0,0,0,0,73,0,2,0,0,FALSE,"MountainView"
"287","Q_9u2ainhro","UCzHnJmq_jkT1-k7kIN655-g",0,0,0,0,0,1,0,0,0,0,0,0,0,0,0,1903,3,2,2,4,FALSE,"MountainView"
"288","QeNQFpXtO6E","UCLWuhJwJRXBj_HR4EjLpyLg",0,0,0,0,0,2,0,0,0,0,1,0,0,0,0,116,0,0,0,0,FALSE,"MountainView"
"289","QnZikIj1GdQ","UCrkDrZP-nN7fSfpRC1XEMZg",2,0,0,0,0,1,0,0,0,0,0,0,0,0,0,70,0,0,0,0,FALSE,"MountainView"
"290","Qy7HjK37uJI","UCgibK3-9SjBUHED2lpICKNA",22,0,0,0,0,11,0,0,0,0,0,0,0,0,0,503,3,1,5,5,FALSE,"MountainView"
"291","R7DztiuqemQ","UCsmo-PAjzC54gOjkk4S1axQ",5,0,0,0,0,39,0,0,0,0,2,0,0,0,0,7715,0,0,11,0,TRUE,"MountainView"
"292","R9Cuj1spa1U","UC-wREOvzygO6Nbaw07bwuJg",0,0,0,0,0,2,0,0,0,0,0,0,0,0,0,8,0,0,0,0,FALSE,"MountainView"
"293","RTzWvc-1U9w","UCW1u2rfdHbuFiNzRH63Y6xQ",2,0,0,0,0,0,0,0,0,0,0,0,0,0,0,79,0,0,0,0,FALSE,"MountainView"
"294","RU5FJ0n1PVY","UC7_VH_kj0aD9vhuHmFheUYQ",13,0,0,0,0,8,0,0,0,0,1,0,0,0,0,3221,6,7,5,7,FALSE,"MountainView"
"295","RdjuqAaM1R8","UCcwytlFPZ0Bwquoxjo6JNcQ",1,0,0,0,0,2,0,0,0,0,0,0,0,0,0,79,0,0,0,0,FALSE,"MountainView"
"296","Rkv5xKz1Ld0","UCklWeg8LgKrDtqIarDdy26w",3,0,0,0,0,4,0,0,0,0,0,0,0,0,0,53,0,0,1,1,FALSE,"MountainView"
"297","RmIhkUGOMLI","UCW1u2rfdHbuFiNzRH63Y6xQ",2,0,0,0,0,0,0,0,0,0,0,0,0,0,0,17,0,1,0,0,FALSE,"MountainView"
"298","RoTwNhcfxnc","UC6M2hF_gNP-YAPVnWG9U_xA",0,0,0,0,0,0,0,0,0,0,0,0,0,0,0,26,0,0,0,0,FALSE,"MountainView"
"299","Rp9mrMNxJNw","UC4CY9_hFoxrk18GspH7yFtQ",7,0,0,0,0,7,0,0,0,0,2,0,0,0,0,298,4,0,1,0,FALSE,"MountainView"
"300","RsMbGTf7tRc","UCJXtu80-ZSTnxiACv2UMCmg",4,0,0,0,0,10,0,0,0,0,4,0,0,0,0,297,3,1,2,10,FALSE,"MountainView"
"301","RuUFc61ewL4","UCzMioHwEJ138WnLD8AJ1JKQ",1,0,0,0,0,2,0,0,0,0,1,0,0,0,0,86,2,0,0,0,FALSE,"MountainView"
"302","Rx0ePS3fj8M","UCjLtK_MK1AIgjwVktU6hgXg",2,0,0,0,0,2,0,0,0,0,0,0,0,1,0,77,0,0,4,2,FALSE,"MountainView"
"303","S6Ts5YoHGsQ","UCWqV8Niq00mEdEmRfLmzIEg",0,0,0,0,0,1,0,0,0,0,1,0,0,0,0,23,1,1,0,0,FALSE,"MountainView"
"304","SNHSf1yrYGg","UCxbXgY04K2mAmMOJ0buQDCQ",0,0,0,0,0,1,0,0,0,0,0,0,0,0,0,14,0,0,0,0,FALSE,"MountainView"
"305","SPVPJKivEvY","UCF2R5vhI8tYDj1SqMuFxisQ",0,0,0,0,0,0,0,0,0,0,0,0,0,0,0,95,1,1,0,1,FALSE,"MountainView"
"306","SRUxzMhAle8","UC4NgmWDZ1_ud5hrCeMWPoZA",0,0,0,0,0,0,0,0,0,0,0,0,0,0,0,26,0,1,0,2,FALSE,"MountainView"
"307","SaZtw7dsUJI","UCN81DDg8-9ghTy6FxU6l7Ug",1,0,0,0,0,4,0,0,0,0,0,0,0,0,0,226,1,0,2,0,FALSE,"MountainView"
"308","ShsJ9fWzD2U","UC9HmOe7CxiDEFNQR1Y9keFg",0,0,0,0,0,6,0,0,1,0,2,0,0,0,0,357,4,1,5,7,FALSE,"MountainView"
"309","SoEuJGoFXfI","UCOy-R5BImDMUGInEEpdyY2g",0,0,0,0,0,0,0,0,0,0,0,0,0,0,0,23,0,0,0,0,FALSE,"MountainView"
"310","T6V_RjTlXEU","UCLKJThNsMXfridSO3vgwNvQ",17,0,0,0,0,13,0,0,0,0,0,0,0,0,0,3885,0,0,0,1,FALSE,"MountainView"
"311","TcKI5H8QzF8","UC4DS5dhyfVxFg0S5Ef1GW2A",8,0,0,0,0,0,0,0,0,0,0,0,0,0,0,351,1,0,1,0,FALSE,"MountainView"
"312","TkwSC5o-lh0","UCeZETYmzl9s-XqJPLoo22oQ",11,0,0,0,0,16,0,0,0,0,3,0,0,0,0,849,1,1,1,1,FALSE,"MountainView"
"313","TqggBmjfwM4","UCYTFg8y_WoArAOYvzOHcT0w",5,0,0,0,0,3,0,0,0,0,0,0,0,0,0,169,0,1,2,6,FALSE,"MountainView"
"314","TwniScDX5jo","UCD8qfW2bTHevxWv5764hjSg",1,0,0,0,0,10,0,0,0,0,2,0,0,0,0,128,1,0,0,2,FALSE,"MountainView"
"315","U2uBaUHmjGQ","UCoOrao_Oo5jfsv_AEbDNryw",0,0,0,0,0,1,0,0,0,0,1,0,0,0,0,840,24,11,12,19,FALSE,"MountainView"
"316","UDZm2BVL2-0","UCkUYuAkvEW8IbB0W1triULw",7,0,0,0,0,13,1,0,0,0,0,0,0,0,0,256,1,0,0,0,FALSE,"MountainView"
"317","UFYSOixcyl0","UCcAVkvgMuX00ctk5yjcSDOQ",0,0,0,0,0,2,0,0,0,0,2,0,0,0,0,29,0,0,0,0,FALSE,"MountainView"
"318","UNLBAyDDlvk","UCI-WIe8ydpSBYZNQsD2oNBA",23,0,0,0,0,1,0,0,0,0,0,0,0,0,0,99,0,0,0,0,FALSE,"MountainView"
"319","Ud-HoVO9-uI","UC3C2eiMtEmnwVL8SjOlYQqA",0,0,0,0,0,0,0,0,0,0,0,0,0,0,0,7,0,0,0,0,FALSE,"MountainView"
"320","Uh04svtQfaQ","UCdxIQ2jpxpUR6Usle08cKBA",0,0,0,0,0,1,0,0,0,0,0,0,0,0,0,24,0,0,0,0,FALSE,"MountainView"
"321","UmxbXY3oyuA","UCeR0n8d3ShTn_yrMhpwyE1Q",0,0,0,0,0,126,0,0,0,0,6,0,0,0,0,4316,4,2,4,6,FALSE,"MountainView"
"322","V1PyHLbLGEk","UCk9ThIlyFKyRnEYplCoStwA",0,0,0,0,0,0,0,0,0,0,0,0,0,0,0,9,1,0,1,0,FALSE,"MountainView"
"323","V60MtZlmAII","UC-wREOvzygO6Nbaw07bwuJg",1,0,0,0,0,2,0,0,0,0,0,0,0,0,0,39,0,0,0,0,FALSE,"MountainView"
"324","VBjqlSw3ufQ","UCxEgEpn1sC1tlFxa9XkOylw",4,0,0,0,0,3,0,0,0,0,0,0,0,0,0,235,1,1,2,0,FALSE,"MountainView"
"325","VDhhBeSu21Y","UCC0M21NUM2SWoHngNxKFrKg",0,0,0,0,0,4,0,0,0,0,0,0,0,0,0,65,0,0,0,0,FALSE,"MountainView"
"326","VFZgywl9whY","UCshfkdpahG1U4vKIDjE4D0Q",16,0,0,0,0,85,0,0,0,0,3,0,0,0,0,3055,4,5,4,3,FALSE,"MountainView"
"327","VFrUO4wqbv8","UCHp178ENUj1QfqX4tekEufw",132,0,1,0,0,440,0,1,0,0,8,0,0,0,0,17668,7,14,25,11,FALSE,"MountainView"
"328","VGJcu1TTg_E","UCmz709FPCCj0hnuAc7-ZmzQ",0,0,0,0,0,2,0,0,0,0,0,0,0,0,0,22,0,0,0,2,FALSE,"MountainView"
"329","VJWiOIUCfjg","UCLIMWrg3hLAqSlahLgW_kqg",8,0,0,0,0,21,0,0,0,0,2,0,0,0,0,1066,1,0,0,0,FALSE,"MountainView"
"330","VRByb8BOdtk","UC2lss-p4fMKr5AIPvMkSlvQ",0,0,0,0,0,1,0,0,0,0,0,0,0,0,0,35,0,0,0,0,FALSE,"MountainView"
"331","VZTDv-gq2ZM","UC3ClJJ5QYm1NZMtHkFc4JHg",0,0,0,0,0,0,0,0,0,0,0,0,0,0,0,8,0,0,0,0,FALSE,"MountainView"
"332","VoxtGWFrepo","UCYTFg8y_WoArAOYvzOHcT0w",13,0,0,0,0,4,0,0,0,0,0,0,0,0,0,439,4,2,0,0,FALSE,"MountainView"
"333","VqoSY2w7w5Y","UCSaFpgWR50DFtVp8SDRbEqA",18,0,0,0,0,12,1,0,0,0,0,0,0,0,0,731,4,0,0,0,FALSE,"MountainView"
"334","W3Y3qwqJ2rs","UCh-I9Qx2V8qRZS-Kplm4aWA",2,0,0,0,0,7,0,0,0,0,0,0,0,0,0,448,1,1,4,5,FALSE,"MountainView"
"335","WBSrHCAZnQo","UCB4QCbWk7YmgebSvLjoX2wQ",3,0,0,0,0,3,0,0,0,0,0,0,0,0,0,85,0,2,2,3,FALSE,"MountainView"
"336","WG3MW_UwOj8","UCsdqpqgsSFTRSnyyqHVSgyw",125,4,3,11,36,1262,26,19,133,584,48,0,0,18,28,147727,3466,2892,17859,115028,TRUE,"MountainView"
"337","WPXF2SO_nvc","UC-wREOvzygO6Nbaw07bwuJg",1,0,0,0,0,1,0,0,0,0,0,0,0,0,0,24,0,0,0,0,FALSE,"MountainView"
"338","WZSSmTnxDt0","UCvWAlSGoiD3BtP3J-vtjXLA",7,0,0,0,0,10,0,0,0,0,0,0,0,0,0,190,0,0,3,0,FALSE,"MountainView"
"339","WeGT9MSTmDQ","UCgd9KFc7vPPn6_P0Z9RoKUQ",0,0,0,0,0,5,0,0,0,0,1,0,0,0,0,222,0,0,3,0,FALSE,"MountainView"
"340","Wgps7RSCado","UC3YKu3MUKRKp311toBxm-6w",0,0,0,0,0,6,0,0,1,0,0,0,0,0,0,209,0,1,5,2,FALSE,"MountainView"
"341","WmlPqFfQXKQ","UCwL6mjHPtefbJ06f4OtTQwQ",3,0,0,0,0,6,0,0,0,0,0,0,0,0,0,213,1,0,1,2,FALSE,"MountainView"
"342","WqfkWMxzKaY","UC0_5KLWShIuvBlB4cZNxDrg",0,0,0,0,0,0,0,0,0,0,1,0,0,0,0,37,0,0,0,0,FALSE,"MountainView"
"343","WwiWFp9qiMg","UCkMXTIdDGurA3Q43muBhvYQ",3,0,0,0,0,0,0,0,0,0,0,0,0,0,0,17,0,0,0,0,FALSE,"MountainView"
"344","Wwu4cn2LXJc","UCklWeg8LgKrDtqIarDdy26w",4,0,0,0,0,4,0,0,0,0,0,0,0,0,0,135,0,2,2,4,FALSE,"MountainView"
"345","WxWzbaDzS88","UCsmo-PAjzC54gOjkk4S1axQ",5,0,0,0,0,34,0,0,0,0,2,0,0,0,0,6776,23,8,27,0,TRUE,"MountainView"
"346","X-603uooxFI","UCjOqarwgnVbKY13ahW_gluw",0,0,0,0,0,0,0,0,0,0,1,0,0,0,0,32,0,0,0,2,FALSE,"MountainView"
"347","X-Qs9GDjdNE","UCklWeg8LgKrDtqIarDdy26w",4,0,0,0,0,3,0,0,0,0,0,0,0,0,0,94,0,0,1,0,FALSE,"MountainView"
"348","X0btHJyHbPI","UCN1DFCLTspCf7JvstSqsGwQ",8,0,0,0,0,18,0,0,0,0,0,0,0,0,0,693,2,1,3,4,FALSE,"MountainView"
"349","X6GWMAbosz8","UCa9-a7t6l5Cntp5Gx7_IauQ",2,0,0,0,0,3,0,0,0,0,0,0,0,0,0,53,0,0,0,0,FALSE,"MountainView"
"350","X6ZDGH2lS40","UCklWeg8LgKrDtqIarDdy26w",3,0,0,0,0,4,0,0,0,0,0,0,0,0,0,65,0,0,0,0,FALSE,"MountainView"
"351","X6bGVfkRDTI","UC1EfW7_zui5iysSCDU9wQ9A",0,0,0,0,0,0,0,0,0,0,0,0,0,0,0,17,0,0,0,0,FALSE,"MountainView"
"352","XB3o4nsMQ-k","UCJ5v_MCY6GNUBTO8-D3XoAg",1426,0,-1,-1,0,8286,2,5,6,4,235,0,0,0,0,567519,391,470,819,464,FALSE,"MountainView"
"353","XK1bXGh6J9A","UCtgQZ9gdOoHCiFa9cggQF9Q",0,0,0,0,0,2,0,0,0,0,1,0,0,0,0,87,0,0,0,0,FALSE,"MountainView"
"354","Y6oiG9u6MrU","UC4dYkXNe98GGs2ZdeAejN1Q",1,0,0,0,0,21,0,0,0,0,1,0,0,0,0,466,0,0,0,0,FALSE,"MountainView"
"355","YWrwM2OTR0U","UCTI83B4RncPpaAqMUSQyMsA",0,0,0,0,0,1,0,0,0,0,0,0,0,0,0,36,0,0,0,0,FALSE,"MountainView"
"356","YXo9mL82CIM","UC-V5YJX0D6elwUrsxAoZkGw",109,0,0,0,0,483,0,0,1,1,25,0,0,0,0,12944,24,19,39,36,FALSE,"MountainView"
"357","YY-Tad8cAKU","UCsmo-PAjzC54gOjkk4S1axQ",3,0,0,0,0,28,0,0,0,0,3,0,0,0,0,4354,0,0,3,0,TRUE,"MountainView"
"358","Yday8UEfGWM","UCzgMewSiAJ6NoF-k9uEke4g",0,0,0,0,0,0,0,0,0,0,0,0,0,0,0,64,0,0,0,1,FALSE,"MountainView"
"359","YhwLoUniz8o","UC6M2hF_gNP-YAPVnWG9U_xA",0,0,0,0,0,0,0,0,0,0,0,0,0,0,0,10,0,0,0,0,FALSE,"MountainView"
"360","YssX4NH6NFs","UC1tD6oj_VhQg47anUnGu1Vw",0,0,0,0,0,0,0,0,0,0,0,0,0,0,0,28,0,0,0,1,FALSE,"MountainView"
"361","YuoRo4_dDU4","UC0gK0OXypUhSMdbCfCqRGBQ",0,0,0,0,0,2,0,0,0,0,1,0,0,0,0,43,0,0,0,0,FALSE,"MountainView"
"362","YuphkhJgxIM","UCsGtP04ijrNk_VeaFdOvnvg",0,0,0,0,0,1,0,0,0,0,0,0,0,0,0,45,0,0,0,0,FALSE,"MountainView"
"363","Yx2ZsQQZCio","UC-wREOvzygO6Nbaw07bwuJg",1,0,0,0,0,2,0,0,0,0,0,0,0,0,0,20,0,0,0,0,FALSE,"MountainView"
"364","ZCkZObg2l1k","UCXrwTakfIfL40SbuTjASZXw",0,0,0,0,0,1,0,0,0,0,0,0,0,0,0,77,0,0,0,0,FALSE,"MountainView"
"365","ZMRdllq4dAs","UCtgQZ9gdOoHCiFa9cggQF9Q",0,0,0,0,0,1,0,0,0,0,0,0,0,0,0,21,0,0,0,0,FALSE,"MountainView"
"366","ZachsVUOTOA","UCgAUPR2nDJVSTWpGerOVedA",4,0,0,0,0,10,0,0,0,0,0,0,0,0,0,404,0,0,0,0,FALSE,"MountainView"
"367","ZanLF8O4hF4","UCI-WIe8ydpSBYZNQsD2oNBA",25,0,0,0,0,1,0,0,0,0,0,0,0,1,0,51,3,5,8,1,FALSE,"MountainView"
"368","ZvGOr7URj50","UCHp178ENUj1QfqX4tekEufw",171,0,0,0,0,211,0,0,0,0,9,0,0,0,0,7106,0,7,6,9,FALSE,"MountainView"
"369","ZvdHhL7A7WY","UCHcQXvjwLuFu6LVfYdaRsOQ",1,0,0,0,0,11,0,0,0,0,0,0,0,0,0,85,2,1,2,3,FALSE,"MountainView"
"370","ZvmWWcR5hB4","UC4dYkXNe98GGs2ZdeAejN1Q",0,0,0,0,0,5,0,0,0,0,0,0,0,0,0,160,0,0,1,0,FALSE,"MountainView"
"371","ZwbrZ0cfMK0","UChFCRyRcx4JALM4V5SAOsQA",3,0,0,0,0,5,0,0,0,0,0,0,0,0,0,159,0,1,1,1,FALSE,"MountainView"
"372","ZyeYZ0elL8Y","UCsaCAv5elqdPDLuUB8XV1Eg",0,0,0,0,0,0,0,0,0,0,0,0,0,0,0,10,0,0,0,0,FALSE,"MountainView"
"373","_6H5M08VFr0","UCYTFg8y_WoArAOYvzOHcT0w",4,0,0,0,0,4,0,0,0,0,3,0,0,0,0,455,0,8,1,3,FALSE,"MountainView"
"374","_ASCu12xweQ","UCgh0ahON-G4t5wwk8jRsWSA",2,0,0,0,0,0,0,0,0,0,2,0,0,0,0,50,0,0,0,1,FALSE,"MountainView"
"375","_c2qfMCnIJk","UCuYW8sCc9LLnBT3XkXrzr0A",0,0,0,0,0,0,0,0,0,0,0,0,0,0,0,7,2,0,7,3,FALSE,"MountainView"
"376","_qEWfXcKgv8","UCTI83B4RncPpaAqMUSQyMsA",0,0,0,0,0,4,0,0,0,0,0,0,0,0,0,97,0,0,0,0,FALSE,"MountainView"
"377","_wl-Vu7tn-0","UCc3Qp_8lAgXz6r5z7sxxGcQ",0,0,0,0,0,3,0,0,0,0,0,0,0,0,0,32,0,0,1,0,FALSE,"MountainView"
"378","_xddfFJrGXc","UCUaNNlHriLY8QCXKjszebwA",1,0,0,0,0,1,0,0,0,0,0,0,0,0,0,38,0,0,0,0,FALSE,"MountainView"
"379","a6-1tStEdME","UCpajYrNCyIEofLHGSthgH7g",2,0,0,0,0,1,0,0,0,0,0,0,0,0,0,27,0,0,0,0,FALSE,"MountainView"
"380","af3wJX3K-JQ","UCrkDrZP-nN7fSfpRC1XEMZg",6,0,0,0,0,13,0,0,0,0,0,0,0,0,0,410,0,0,0,2,FALSE,"MountainView"
"381","agOax6pRc80","UC3s6f_J5nB6kHXsta90N77Q",63,0,0,0,0,249,0,2,0,0,71,0,0,0,0,8450,12,21,17,15,FALSE,"MountainView"
"382","ak-HOVQKCuc","UC-wREOvzygO6Nbaw07bwuJg",0,0,0,0,0,1,0,0,0,0,0,0,0,0,0,10,1,0,0,3,FALSE,"MountainView"
"383","bFr8u7n9o5M","UCp73plkwgk4EbrBwFxQhj-Q",24,0,0,0,0,28,0,0,0,0,1,0,0,0,0,263,1,0,0,1,FALSE,"MountainView"
"384","bGwDUHfJmjU","UCkVEcGakc2fMBfu0xx86BYg",0,0,0,0,0,5,0,0,0,0,0,0,0,0,0,151,0,0,1,2,FALSE,"MountainView"
"385","bJDzaOco4fg","UC-GaR42z2Ac3PNUC0ZN4_yg",3,0,0,0,0,12,0,0,1,0,0,0,0,0,0,836,0,0,58,17,FALSE,"MountainView"
"386","bTEyR2Ky7ak","UCDr0C7PbE0lETc_LHUKGDPQ",3,0,0,0,0,9,0,0,0,0,0,0,0,0,0,74,0,0,0,0,FALSE,"MountainView"
"387","bVUZ8Qdl73Y","UCEhOt29_kjDHzwmemE3Asuw",128,0,0,0,0,202,0,0,1,0,47,0,0,0,0,16062,43,36,92,113,FALSE,"MountainView"
"388","b_tKyCnRQgI","UCQJo1i-ufBtg7VLej7R9MLg",0,0,0,0,0,0,0,0,0,0,0,0,0,0,0,32,0,0,0,0,FALSE,"MountainView"
"389","buOBFEDVzc4","UCx86SD3tvd0YwPAg16ZvFGQ",0,0,0,0,0,0,0,0,0,0,0,0,0,0,0,33,1,0,1,0,FALSE,"MountainView"
"390","bwNyLXhBSuE","UClAlulBaie6EAyYEqywvURg",0,0,0,0,0,0,0,0,0,0,0,0,0,0,0,2,3,0,0,0,FALSE,"MountainView"
"391","cGrTDZNP7Lw","UCaD9v8f4pqoIQ_mVOd67i3Q",0,0,0,0,0,8,0,0,0,1,0,0,0,0,0,12441,0,1,2,1,FALSE,"MountainView"
"392","c_EULnb85mk","UCedSUoTGWGr6HWdj1GeA35A",0,0,0,0,0,0,0,0,0,0,0,0,0,0,0,92,0,0,0,0,FALSE,"MountainView"
"393","chNcYwolYSM","UC-wREOvzygO6Nbaw07bwuJg",1,0,0,0,0,1,0,0,0,0,0,0,0,0,0,15,0,0,0,0,FALSE,"MountainView"
"394","cjZm6VXw90s","UCUUjhS3tK_CWWT2vP3ccepw",5,0,0,0,0,6,0,0,0,0,2,0,0,0,0,99,0,0,0,0,FALSE,"MountainView"
"395","crS_W2RCpEA","UCijDvo0eZB8Jb4XSnLnQ8vw",392,0,1,0,0,848,1,0,0,0,63,0,0,0,0,50478,47,29,75,104,FALSE,"MountainView"
"396","ctEmlLq42Gg","UCFiAHy4A82YVnI4MHZ6E9nw",1,0,0,0,0,0,0,0,0,0,0,0,0,0,0,7,0,0,1,0,FALSE,"MountainView"
"397","cx5-J8_96UY","UCaEpLMSIOzMTygUPEWEmmFQ",7,0,0,0,0,12,0,0,0,0,0,0,0,0,0,219,1,0,2,0,FALSE,"MountainView"
"398","dQ7z1gQaAGc","UCmasmCfIjGCauxgSIdWm5cw",0,0,0,0,0,0,0,0,0,0,0,0,0,0,0,2,0,0,0,0,FALSE,"MountainView"
"399","dTMfFfTqruM","UCwZsDaMcXt4VdgXS9-3wUJw",0,0,0,0,0,2,0,0,0,0,0,0,0,0,0,46,0,0,0,0,FALSE,"MountainView"
"400","dcbVJAKtOAU","UC4JbFr6TT-hP0YluN1UAFlQ",1,0,0,0,0,4,0,0,0,0,0,0,0,0,0,38,0,2,0,0,FALSE,"MountainView"
"401","dkP3oNNR0oU","UCl-CvSE101Z0JttfgimeWuQ",3,-1,0,0,0,1,0,0,0,0,4,0,0,0,0,505,0,1,0,0,FALSE,"MountainView"
"402","dkecHbp5aXc","UCklWeg8LgKrDtqIarDdy26w",4,0,0,0,0,3,0,0,0,0,0,0,0,0,0,70,0,0,0,0,FALSE,"MountainView"
"403","e3lx1ObRZBk","UCRmr2ZfpQ5GmivjO-lBBupg",0,0,0,0,0,2,0,0,0,0,0,0,0,0,0,15,0,0,0,0,FALSE,"MountainView"
"404","edJpxkHs_Qg","UC8jDUiy8IIc1wRZ8NISGtJA",0,0,0,0,0,0,0,0,0,0,0,0,0,0,0,14,0,0,1,0,FALSE,"MountainView"
"405","f0EK5Jh6k2I","UC58rtiEddA9JA5JxCOhYJvw",0,0,0,0,0,0,0,0,0,0,0,0,0,0,0,17,0,0,2,1,FALSE,"MountainView"
"406","fOdC6V639Rw","UCwrX1ujdoNoFQ1cB44CTvpA",6,0,0,0,0,6,0,0,0,0,0,0,0,0,0,71,0,0,0,1,FALSE,"MountainView"
"407","fX3yXAqtzzk","UCmQfVxCysJfRxTlb6ftMUng",11,0,0,0,0,4,0,0,0,0,0,0,0,0,0,14,0,0,0,0,FALSE,"MountainView"
"408","gCLAGPtyjcY","UCw0llXwICI72OPgrrQrGhKg",13,0,0,0,0,8,0,0,0,0,1,0,0,0,0,109,1,2,0,2,FALSE,"MountainView"
"409","gDi8Nd4dje0","UC-wREOvzygO6Nbaw07bwuJg",0,0,0,0,0,1,0,0,0,0,0,0,0,0,0,11,0,0,0,0,FALSE,"MountainView"
"410","gSkrzQmuKJI","UCYTFg8y_WoArAOYvzOHcT0w",0,0,0,0,0,3,0,0,0,0,0,0,0,0,0,120,0,1,0,1,FALSE,"MountainView"
"411","gWhq2VuZd7g","UCorY-MS2xu-lWENIUOaICJg",1,0,0,0,0,2,0,0,0,0,0,0,0,0,0,800,0,0,2,1,FALSE,"MountainView"
"412","grqg0u5OspM","UCl-CvSE101Z0JttfgimeWuQ",0,0,0,0,0,0,0,0,0,0,0,0,0,0,0,22,0,2,1,0,FALSE,"MountainView"
"413","h-u3jcOgKTQ","UCws4JtZ7rT3xR1yXL7Cv2TQ",3,0,0,0,0,2,0,0,0,0,1,0,0,0,0,523,0,0,0,0,FALSE,"MountainView"
"414","h77vcjBMaaI","UCLa60Ul5T9YJn_irvi4o5kw",18,0,0,0,0,22,1,0,1,0,4,0,0,0,0,612,8,5,11,9,FALSE,"MountainView"
"415","hJP14ONG0Lk","UClLTYtLofVgHWh4ml_uiSkQ",34,0,0,0,0,41,0,0,0,0,1,0,0,0,0,3571,1,0,1,1,FALSE,"MountainView"
"416","hMPqYL_zuAY","UC_oAxup763JLd-iSnF34JwQ",4,0,0,0,0,1,0,0,0,0,0,0,0,0,0,13,0,0,0,0,FALSE,"MountainView"
"417","hlcYqdRelQw","UCQ7fltSUQHC6OZq4KCyn-HQ",1,0,0,0,0,0,0,0,0,0,0,0,0,0,0,22,0,0,0,0,FALSE,"MountainView"
"418","hntWtoZb9zk","UCtgQZ9gdOoHCiFa9cggQF9Q",0,0,0,0,0,2,0,0,0,0,0,0,0,0,0,29,0,0,0,0,FALSE,"MountainView"
"419","hyk_q9BDtQw","UCl7JdH0lSJYfc6cD2RqSwSQ",6,0,0,0,0,76,2,2,1,0,0,0,0,0,0,1507,56,29,27,28,FALSE,"MountainView"
"420","hymv8AraxCk","UC-wREOvzygO6Nbaw07bwuJg",0,0,0,0,0,1,0,0,0,0,2,0,0,0,0,54,0,0,0,0,FALSE,"MountainView"
"421","iMf8EadyqRA","UCC1kp-OE5poIZj-Q3la29HA",0,0,0,0,0,0,0,0,0,0,0,0,0,0,0,12,0,0,0,0,FALSE,"MountainView"
"422","iTO0bLa8AUs","UC7OUPaHV9DJCYqBS8rUAbCg",5,0,0,0,0,0,0,0,0,0,0,0,0,0,0,28,0,0,0,0,FALSE,"MountainView"
"423","iW7QkfsxwzI","UCN81DDg8-9ghTy6FxU6l7Ug",2,0,0,0,0,9,0,0,0,0,0,0,0,0,0,143,0,0,0,0,FALSE,"MountainView"
"424","ih6ILm-UFmU","UCHp178ENUj1QfqX4tekEufw",67,0,0,0,0,307,0,1,0,0,9,0,0,0,0,15253,7,5,14,11,FALSE,"MountainView"
"425","ikA11mPFkx4","UCrRIZ-cNfZSYgHcqPyUexuQ",0,0,0,0,0,1,0,0,0,0,0,0,0,0,0,196,2,7,9,4,FALSE,"MountainView"
"426","j6SWh4loBx0","UCcwytlFPZ0Bwquoxjo6JNcQ",0,0,0,0,0,1,0,0,0,0,0,0,0,0,0,46,2,0,2,1,FALSE,"MountainView"
"427","jLWCIWNOem0","UC44vBcd3dchjIZQd_nRK2PQ",0,0,0,0,0,1,0,0,0,0,0,0,0,0,0,223,39,0,105,23,FALSE,"MountainView"
"428","jSIGLXUZb3Q","UC-wREOvzygO6Nbaw07bwuJg",0,0,0,0,0,1,0,0,0,0,0,0,0,0,0,8,1,0,0,0,FALSE,"MountainView"
"429","jgrUfu_jSFk","UCoIPKiuSFKZ5Vaq7uKJQCuA",1,0,0,0,0,0,0,0,0,0,0,0,0,0,0,121,0,0,0,1,FALSE,"MountainView"
"430","jhYhefiFOt0","UCpLEcvPK6L9-yB1IOpkcJkA",1,0,0,0,0,4,0,0,0,0,0,0,0,0,0,19,0,0,0,0,FALSE,"MountainView"
"431","juD6zrOYx6U","UCnmkZ2t3650LXktSuGh8mGQ",0,0,0,0,0,0,0,0,0,0,0,0,0,0,0,67,0,0,1,0,FALSE,"MountainView"
"432","jv7K_KgAFYw","UCkn5xqhiyB5C6Th1F1lFgug",0,0,0,0,0,0,0,0,0,0,0,0,0,0,0,26,0,0,0,0,FALSE,"MountainView"
"433","jvt99GTeueI","UCeR0n8d3ShTn_yrMhpwyE1Q",1,0,1,0,0,110,0,0,0,0,24,0,0,0,0,4720,1,4,3,5,FALSE,"MountainView"
"434","jzYUSisnNSc","UCAV012e2DNNpSzEUjgLD1IQ",1,0,0,0,0,3,0,0,0,0,0,0,0,0,0,34,0,0,0,0,FALSE,"MountainView"
"435","k4kBJulI0QE","UCzMioHwEJ138WnLD8AJ1JKQ",1,0,0,0,0,2,0,0,0,0,0,0,0,0,0,54,0,0,0,0,FALSE,"MountainView"
"436","kb9dFSQ9_F4","UCeZETYmzl9s-XqJPLoo22oQ",6,0,0,0,0,14,0,0,0,0,0,0,0,0,0,369,1,0,4,0,FALSE,"MountainView"
"437","l60qlVazo74","UCGYDGQ5jieX5pIbi1Zo29Fg",0,0,0,0,0,1,0,0,0,0,0,0,0,0,0,319,1,1,1,3,FALSE,"MountainView"
"438","lGmwM5SbrGg","UCLfXfNSzQHWdQ1PcmPEgS-Q",6,0,0,0,0,7,0,0,0,0,1,0,0,0,0,97,0,0,2,1,FALSE,"MountainView"
"439","lJ8ZRRl-RQA","UC2lss-p4fMKr5AIPvMkSlvQ",0,0,0,0,0,0,0,0,0,0,0,0,0,0,0,34,0,1,1,0,FALSE,"MountainView"
"440","lOUp5ilRG-c","UC-wREOvzygO6Nbaw07bwuJg",0,0,0,0,0,1,0,0,0,0,0,0,0,0,0,12,0,0,0,0,FALSE,"MountainView"
"441","lUIQzIJ91cs","UCzsUvSYZYVot0Ung8pHBCSw",1,0,0,0,0,0,0,0,0,0,0,0,0,0,0,55,0,1,0,0,FALSE,"MountainView"
"442","llw3wVy4zgY","UC1iAWIF94D8SdMq4eh14abg",0,0,0,0,0,0,0,0,0,0,0,0,0,0,0,11,0,0,0,0,FALSE,"MountainView"
"443","lpdTdz14-ps","UCUaNNlHriLY8QCXKjszebwA",2,0,0,0,0,3,0,0,0,0,0,0,0,0,0,44,0,0,0,0,FALSE,"MountainView"
"444","mCwA3wnY6lU","UCYTFg8y_WoArAOYvzOHcT0w",3,0,0,0,0,7,0,0,0,0,0,0,0,0,0,172,0,0,0,0,FALSE,"MountainView"
"445","mKsKcaxMTu0","UCklWeg8LgKrDtqIarDdy26w",2,0,0,0,0,3,0,0,0,0,1,0,0,0,0,182,0,4,1,0,FALSE,"MountainView"
"446","mM3chOjaGzk","UCmz709FPCCj0hnuAc7-ZmzQ",0,0,0,0,0,1,0,0,1,0,0,0,0,0,0,49,8,1,10,11,FALSE,"MountainView"
"447","meD0YD3-LbA","UCSWj_-Q6M-CFNEzHFbvXG3Q",2,0,0,0,0,3,0,0,0,0,0,0,0,0,0,116,1,0,0,0,FALSE,"MountainView"
"448","mk-iali0N44","UCeP3RSuz8EsWZiFbNkSc06w",0,0,0,0,0,0,0,0,0,0,2,0,0,0,0,121,3,1,0,0,FALSE,"MountainView"
"449","mkWrKp22aHA","UClA6nKqxw6xyiPHhRBdFuXQ",25,0,0,0,0,49,0,0,0,0,0,0,0,0,0,1628,5,5,4,2,FALSE,"MountainView"
"450","n1FNiMuJQrg","UCQ05oSxU9FdUtK1NIrJSO2Q",0,0,0,0,0,3,0,0,0,0,0,0,0,0,0,23,0,0,1,0,FALSE,"MountainView"
"451","nCXU2TsPW28","UC6M2hF_gNP-YAPVnWG9U_xA",0,0,0,0,0,0,0,0,0,0,0,0,0,0,0,17,0,0,0,0,FALSE,"MountainView"
"452","nE1zWCu0Vs8","UCRmr2ZfpQ5GmivjO-lBBupg",2,0,0,0,0,4,0,0,0,0,0,0,0,0,0,215,0,0,1,0,FALSE,"MountainView"
"453","nLDEHurfSPc","UCsDDqosmIRYVXH6qNpuOMYA",1,0,0,0,0,7,0,0,1,1,2,0,0,0,0,447,8,6,78,89,FALSE,"MountainView"
"454","nMPY9wT6tes","UCUyi84rylyqxun-7NlWMtbA",0,0,0,0,0,2,0,0,0,0,0,0,0,0,0,5,0,0,0,0,FALSE,"MountainView"
"455","nX_DTg6Pbow","UCcnIsK8y_HbEODiyNiLm22w",2,0,0,0,0,4,0,0,0,0,0,0,0,0,0,31,0,0,1,1,FALSE,"MountainView"
"456","nYydvKlIKPs","UCklWeg8LgKrDtqIarDdy26w",3,0,0,0,0,2,0,0,0,0,0,0,0,0,0,38,0,1,0,0,FALSE,"MountainView"
"457","nihrvLTtomE","UCN1DFCLTspCf7JvstSqsGwQ",6,0,0,0,0,19,0,0,0,0,2,0,0,0,0,532,9,3,12,6,FALSE,"MountainView"
"458","nwoOPDjDAbc","UCklWeg8LgKrDtqIarDdy26w",3,0,0,0,0,2,0,0,0,0,1,0,0,0,0,129,1,0,2,0,FALSE,"MountainView"
"459","o5diAw9BJuM","UCx_qe59ZE-__eFmQ8hSrScQ",0,0,0,0,0,0,0,0,0,0,0,0,0,0,0,71,0,0,0,1,FALSE,"MountainView"
"460","oA8Kwk8u-Y0","UC4dYkXNe98GGs2ZdeAejN1Q",4,0,0,0,0,12,0,0,0,0,0,0,0,0,0,200,0,0,0,0,FALSE,"MountainView"
"461","oEIMvOvfEZw","UCBpDxULD9gmsT36VPHPllcA",0,0,0,0,0,3,0,0,0,0,1,0,0,0,0,8,1,0,0,0,FALSE,"MountainView"
"462","oNiS8MiHroE","UC9kZ-3rfDELQITDbuGWMiXw",0,0,0,0,0,0,0,0,0,0,0,0,0,0,0,61,0,0,1,0,FALSE,"MountainView"
"463","okonPLt85Vk","UCijDvo0eZB8Jb4XSnLnQ8vw",234,0,0,0,0,411,0,0,0,0,17,0,0,0,0,23460,5,13,13,14,FALSE,"MountainView"
"464","p4G5pLlkm64","UCedSUoTGWGr6HWdj1GeA35A",2,0,0,0,0,2,0,0,0,0,2,0,0,0,0,58,0,0,0,0,FALSE,"MountainView"
"465","p5wzry-zRzI","UCTijHdX7tSbx3qUd3TY-zMA",0,0,0,0,0,0,0,0,0,0,0,0,0,0,0,2,0,0,0,0,FALSE,"MountainView"
"466","pDE72oywDbc","UCdOZ-PdzCrMUpK5OGnyNDgg",0,0,0,0,0,0,0,0,0,0,0,0,0,0,0,6,0,0,0,0,FALSE,"MountainView"
"467","pFcB9wLWWss","UC3nDWGC8WAqrxHcKNTbLHpg",7,0,0,0,0,7,0,0,0,0,0,0,0,0,0,424,4,2,4,6,FALSE,"MountainView"
"468","pb63PdPbaeU","UCB4QCbWk7YmgebSvLjoX2wQ",2,0,0,0,0,6,0,0,0,0,0,0,0,0,0,200,1,3,9,5,FALSE,"MountainView"
"469","poFA07aTib4","UCzgMewSiAJ6NoF-k9uEke4g",0,0,0,0,0,1,0,0,0,0,0,0,0,0,0,170,0,0,0,2,FALSE,"MountainView"
"470","pvasCSCY8oI","UCwrX1ujdoNoFQ1cB44CTvpA",3,0,0,0,0,4,0,0,0,0,0,0,0,0,0,39,1,0,0,0,FALSE,"MountainView"
"471","q7MjrwUL65A","UC1iAWIF94D8SdMq4eh14abg",0,0,0,0,0,0,0,0,0,0,0,0,0,0,0,18,0,0,0,0,FALSE,"MountainView"
"472","q9Yb2hmZX3s","UCj5b1hQXfQlApUKdPKH0zmA",0,0,0,0,0,2,0,0,0,0,1,0,0,0,0,161,0,0,1,0,FALSE,"MountainView"
"473","qUSiYP6pOrY","UCOtoJdG5tyLE8LyrcUopaBA",93,2,1,0,0,2013,24,5,26,42,44,0,0,2,0,202537,1754,1435,3222,3040,FALSE,"MountainView"
"474","qfic00Df5fU","UCaNzkucgxi1guZ6bqC1trGQ",0,0,0,0,0,1,0,0,0,0,0,0,0,0,0,25,0,0,0,0,FALSE,"MountainView"
"475","qvAQm0FzLwc","UC5HT1BNW_2hljA7ogeLAZuw",6,0,0,0,0,10,0,0,0,0,6,0,0,0,0,1135,2,2,1,8,FALSE,"MountainView"
"476","r7PZwNrV3pg","UC88qU8AdUjBtaHDNZi3fEWQ",0,0,0,0,0,0,0,0,0,0,0,0,0,0,0,10,0,0,0,0,FALSE,"MountainView"
"477","rClOJhY01Nk","UCYTFg8y_WoArAOYvzOHcT0w",1,0,0,0,0,4,0,0,0,0,0,0,0,0,0,73,0,1,0,1,FALSE,"MountainView"
"478","rNhTh1GmZNo","UCrCgtTnn07DKYm0U60zZDXQ",2,0,0,0,0,2,0,0,0,0,0,0,0,0,0,25,1,0,1,5,FALSE,"MountainView"
"479","rQc_iu36vq4","UC_oAxup763JLd-iSnF34JwQ",0,0,0,0,0,0,0,0,0,0,0,0,0,0,0,12,0,0,0,0,FALSE,"MountainView"
"480","rdV6Z_FgG3c","UC2lss-p4fMKr5AIPvMkSlvQ",0,0,0,0,0,0,0,0,0,0,0,0,0,0,0,47,0,0,0,0,FALSE,"MountainView"
"481","rdcyjvP8HRc","UCI9lXO08SJNtgINE9_EVHDQ",0,0,0,0,0,0,0,0,0,0,0,0,0,0,0,1,0,1,0,0,FALSE,"MountainView"
"482","rhy7b9RJJlk","UCeZETYmzl9s-XqJPLoo22oQ",1,0,0,0,0,17,0,0,0,1,0,0,0,0,0,305,0,1,1,2,FALSE,"MountainView"
"483","rtovK-5UuWw","UCsZVTW_lT97pYtzAgJiSXOA",1,0,0,0,0,4,0,0,0,0,0,0,0,0,0,44,0,0,0,0,FALSE,"MountainView"
"484","ruW2XPoh-2w","UCFiAHy4A82YVnI4MHZ6E9nw",1,0,0,0,0,0,0,0,0,0,0,0,0,0,0,11,1,0,0,0,FALSE,"MountainView"
"485","rwZ630wlOLQ","UCHOnDBea63SiRRhdpr0nv1g",0,0,0,0,0,1,0,0,0,0,0,0,0,0,0,16,0,0,0,0,FALSE,"MountainView"
"486","rzmFF2fH6hA","UCklWeg8LgKrDtqIarDdy26w",27,0,0,0,0,5,0,0,0,0,2,0,0,0,0,123,0,0,3,0,FALSE,"MountainView"
"487","s6TOsGWTvlA","UC20gOpLNCxRtTOqXMDRt-rQ",4,0,0,0,0,4,0,0,0,0,0,0,0,0,0,121,2,1,3,3,FALSE,"MountainView"
"488","sG0lWQOK7eE","UCJXtu80-ZSTnxiACv2UMCmg",23,0,0,0,0,16,0,0,0,0,3,0,0,0,0,340,3,2,0,2,FALSE,"MountainView"
"489","sKFRwclNbSg","UCcwytlFPZ0Bwquoxjo6JNcQ",1,0,0,0,0,3,0,0,0,0,0,0,0,0,0,144,1,1,4,6,FALSE,"MountainView"
"490","sVDVyWPQdiY","UC4DS5dhyfVxFg0S5Ef1GW2A",6,0,0,0,0,2,0,0,0,0,3,0,0,0,0,59,0,0,0,0,FALSE,"MountainView"
"491","sYA5MpmOkYM","UCAOK9pDwEzSOWqeLqxRptOQ",0,0,0,0,0,0,0,0,0,0,0,0,0,0,0,42,0,0,0,0,FALSE,"MountainView"
"492","sp7oF2yHtwk","UCklWeg8LgKrDtqIarDdy26w",2,0,0,0,0,2,0,0,0,0,0,0,0,0,0,36,0,0,0,0,FALSE,"MountainView"
"493","stLeEz_pcys","UCYTFg8y_WoArAOYvzOHcT0w",4,0,0,0,0,3,0,0,0,0,2,0,0,0,0,81,0,0,0,0,FALSE,"MountainView"
"494","t5pGjiChcVM","UCshfkdpahG1U4vKIDjE4D0Q",19,0,0,0,0,85,0,0,0,0,4,0,0,0,0,2067,1,3,4,3,FALSE,"MountainView"
"495","tVGOGj9_Zbg","UCdxIQ2jpxpUR6Usle08cKBA",0,0,0,0,0,0,0,0,0,0,0,0,0,0,0,26,0,0,0,0,FALSE,"MountainView"
"496","tX7ZZOZtRY4","UCmasmCfIjGCauxgSIdWm5cw",0,0,0,0,0,0,0,0,0,0,0,0,0,0,0,2,0,0,1,0,FALSE,"MountainView"
"497","t_ujdPaKJbE","UCwou3ykQwT6XZmzvcrQAY7g",22,1,0,0,0,34,2,0,0,0,7,0,0,0,0,1691,24,11,7,0,FALSE,"MountainView"
"498","tgbQMyS-N7A","UCYTFg8y_WoArAOYvzOHcT0w",2,0,0,0,0,2,0,0,0,0,1,0,0,0,0,140,0,0,2,1,FALSE,"MountainView"
"499","tvgf21H2kLM","UCbTEVdSI6W62DaPSZUcD2lQ",0,0,0,0,0,3,0,0,0,0,1,0,0,0,0,392,0,3,3,2,FALSE,"MountainView"
"500","u5CTIMZ_vFw","UC4DS5dhyfVxFg0S5Ef1GW2A",8,0,0,0,0,7,0,0,0,0,2,0,0,0,0,103,0,0,0,0,FALSE,"MountainView"
"501","uSBpDmoULiM","UCYTFg8y_WoArAOYvzOHcT0w",6,0,0,0,0,8,0,0,0,0,1,0,0,0,0,407,1,1,0,3,FALSE,"MountainView"
"502","uUH58ijy2ms","UC9BSrISkB5f6eG8am3Ab0qA",0,0,0,0,0,6,0,0,0,0,1,0,0,0,0,411,0,0,0,1,FALSE,"MountainView"
"503","uawRMqngFdE","UCB4QCbWk7YmgebSvLjoX2wQ",3,0,0,0,0,5,0,0,0,0,0,0,0,0,0,133,1,0,0,2,FALSE,"MountainView"
"504","unYVzW-rv6s","UCeZETYmzl9s-XqJPLoo22oQ",6,0,0,0,0,16,0,0,0,0,0,0,0,0,0,784,2,0,4,2,FALSE,"MountainView"
"505","uqHtJY7eqjw","UC6SR-oz4joaBXloqx8qDIWQ",0,0,0,0,0,6,0,0,0,0,0,0,0,0,0,55,0,0,2,0,FALSE,"MountainView"
"506","urECExkTgfM","UCTikFhzCiIXfOMS7D29dvYg",133,0,0,0,0,310,0,0,0,0,29,0,0,0,0,9935,1,1,4,3,FALSE,"MountainView"
"507","v9hZKAdLCFE","UCLIMWrg3hLAqSlahLgW_kqg",2,0,0,0,0,10,0,0,0,0,2,0,0,0,0,464,3,2,0,0,FALSE,"MountainView"
"508","vGkP0fERco8","UC6SR-oz4joaBXloqx8qDIWQ",0,0,0,0,0,3,0,0,0,0,0,0,0,0,0,55,0,0,1,1,FALSE,"MountainView"
"509","w9ar-FRag0s","UC44vBcd3dchjIZQd_nRK2PQ",0,0,0,0,0,0,1,0,0,0,0,0,0,0,0,78,18,0,18,15,FALSE,"MountainView"
"510","wLhmO6fxY4c","UC6-iGyDu-J3BvBIv-vx012Q",3,0,0,0,0,1,0,0,0,0,0,0,0,0,0,151,0,0,1,2,FALSE,"MountainView"
"511","wTCpjDvpf34","UCUjxEK4WgVcl1ZlvD8kAIAg",30,0,0,0,0,9,0,0,0,0,0,0,0,0,0,167,1,0,0,1,FALSE,"MountainView"
"512","wVNTENAuszw","UCFM_HCL2Q404aRK4TxNlKUQ",1,0,0,0,0,1,0,0,0,0,0,0,0,0,0,29,0,0,1,1,FALSE,"MountainView"
"513","waQ4aMzyCxY","UCgIiINSD1VmSAZEwCVqXPfQ",0,0,0,0,0,4,0,0,0,0,0,0,0,0,0,40,0,0,0,0,FALSE,"MountainView"
"514","waawf4YKVvo","UC9ISe2TgAt7XaTm8cw3jFwg",1,0,0,0,0,0,0,0,0,0,0,0,0,0,0,44,0,0,0,2,FALSE,"MountainView"
"515","wnpqlIXmSmo","UCcAOzTRiOfMXJyVn5IsVylA",3,0,0,0,0,1,0,0,0,0,0,0,0,0,0,39,0,0,0,1,FALSE,"MountainView"
"516","wq_I5jdqzxM","UCF2R5vhI8tYDj1SqMuFxisQ",0,0,0,0,0,0,0,0,0,0,0,0,0,0,0,90,2,0,0,0,FALSE,"MountainView"
"517","wtXn2i-r-7g","UCciSPehv0QMpVqvRJzIhYsQ",2,0,0,0,0,1,0,0,0,0,0,0,0,0,0,87,0,0,2,0,FALSE,"MountainView"
"518","xGMgLJKSkvs","UC7tFK7HDxE1B5r46uIgI8Gw",1,0,0,0,0,1,0,0,0,0,0,0,0,0,0,126,1,0,2,1,FALSE,"MountainView"
"519","xMxshCtdQj4","UCx86SD3tvd0YwPAg16ZvFGQ",0,0,0,0,0,0,0,0,0,0,0,0,0,0,0,63,0,0,1,0,FALSE,"MountainView"
"520","xQUiqO7xolY","UCTI83B4RncPpaAqMUSQyMsA",12,0,0,0,0,11,0,0,0,0,2,0,0,0,0,1205,0,0,1,0,FALSE,"MountainView"
"521","xY7qcudWDiA","UCTy6ZpC2SYoG3oxExt1pJrQ",7,0,0,0,0,13,0,0,0,0,0,0,0,0,0,2008,29,12,19,19,FALSE,"MountainView"
"522","xfaeOgAMvIc","UCziwubiMjIkCU3SREVgFT5g",0,0,0,0,0,0,0,0,0,0,0,0,0,0,0,52,1,2,0,4,FALSE,"MountainView"
"523","xtKm0I1CI9E","UCshfkdpahG1U4vKIDjE4D0Q",17,0,0,0,0,106,0,0,0,0,4,0,0,0,0,3825,8,10,8,9,FALSE,"MountainView"
"524","y-ijxKRbVx8","UCvAHPEx41UIP-kuLAJ4_odg",0,0,0,0,0,1,0,0,0,0,0,0,0,0,0,16,0,0,0,0,FALSE,"MountainView"
"525","yJtC5aG_6IM","UCbs30ZAlpxbeLDi_L4KScVA",0,0,0,0,0,1,0,0,0,0,1,0,0,0,0,177,0,1,0,0,FALSE,"MountainView"
"526","yVD7U8uWAQ4","UCs4xJMi2pR6uAwcdF7YiBvQ",1,0,0,0,0,4,0,0,0,0,0,0,0,0,0,137,1,0,3,2,FALSE,"MountainView"
"527","yWoAXb8sqaY","UCsfP5akXbnM3nK9pzGd7oRw",0,0,0,0,0,4,0,0,0,0,0,0,0,0,0,26,0,0,0,0,FALSE,"MountainView"
"528","yekrfK4f_0Q","UCcwytlFPZ0Bwquoxjo6JNcQ",0,0,0,0,0,2,0,0,0,0,0,0,0,0,0,21,0,0,0,0,FALSE,"MountainView"
"529","yoKmZVP5cWc","UCYTFg8y_WoArAOYvzOHcT0w",2,0,0,0,0,2,0,0,0,0,1,0,0,0,0,85,0,0,0,0,FALSE,"MountainView"
"530","z1FvR7KJjhw","UCOGETxl0Im-WJAYCEVg74Dw",5,0,0,0,0,10,0,0,0,0,4,0,0,0,0,309,0,0,0,0,FALSE,"MountainView"
"531","z22zWMzLRH4","UCx86SD3tvd0YwPAg16ZvFGQ",0,0,0,0,0,0,0,0,0,0,0,0,0,0,0,27,1,0,1,0,FALSE,"MountainView"
"532","zAkcRh1oDik","UCS5TvAKVCi3kXIhGlTHRNow",19,0,0,0,0,22,0,0,0,0,4,0,0,0,0,2346,0,0,2,3,FALSE,"MountainView"
"533","zM_lGpbLz0I","UCdxIQ2jpxpUR6Usle08cKBA",0,0,0,0,0,0,0,0,0,0,0,0,0,0,0,10,0,0,0,0,FALSE,"MountainView"
"534","zhqiJQSLje4","UCrkDrZP-nN7fSfpRC1XEMZg",1,0,0,0,0,3,0,0,0,0,0,0,0,0,0,74,0,0,2,1,FALSE,"MountainView"
"535","zjzj4SbJlXo","UCeR0n8d3ShTn_yrMhpwyE1Q",3,0,0,0,0,103,0,0,0,0,8,0,0,0,0,2926,6,3,5,7,FALSE,"MountainView"
"536","zznXfoKooTQ","UCN81DDg8-9ghTy6FxU6l7Ug",0,0,0,0,0,5,0,0,0,0,0,0,0,0,0,75,0,0,1,0,FALSE,"MountainView"
"537","GquBKbR23o8","UCTetisjsDUKeNa3LH_Ys7Pg",0,1,0,0,0,0,3,0,0,0,0,4,0,0,0,0,509,2,0,2,FALSE,"MountainView"
"538","K8OUEOtzGUw","UCqVQlI5gPWi9f-i8BuB3t-Q",0,0,0,0,0,0,0,0,0,0,0,0,0,0,0,0,11,0,0,0,FALSE,"MountainView"
"539","M4_dZ0pMWRw","UCklWeg8LgKrDtqIarDdy26w",0,6,6,0,0,0,4,0,0,0,0,1,1,0,0,0,58,45,10,4,FALSE,"MountainView"
"540","O0K_Xkz1VSk","UCxoz3su1JmkyFxYqo9C1DOQ",0,13,0,0,0,0,6,0,0,0,0,2,0,0,0,0,315,3,9,3,FALSE,"MountainView"
"541","RukmDI-zSPY","UCTjksPsuNkFs3NjDeyN-70w",0,7,0,0,0,0,7,0,0,0,0,0,0,0,0,0,197,2,1,2,FALSE,"MountainView"
"542","VOWk9imuPc4","UC9iUOY42eqcLMSgS6XUK8rQ",0,0,0,0,0,0,1,0,0,0,0,0,0,0,0,0,7,0,0,0,FALSE,"MountainView"
"543","VkJYBHB2ngs","UC1t-KDTQK3Qs2eRjX0-eX5g",0,0,0,0,0,0,0,0,0,0,0,0,0,0,0,0,8,0,0,0,FALSE,"MountainView"
"544","in20c7cFAQM","UCbg6XWe-4-XPare23NS0v9w",0,1,0,0,0,0,9,0,3,0,0,1,0,0,0,0,1089,4,63,0,FALSE,"MountainView"
"545","m_54OG2Gpa4","UCGa6yVPz39vEYBIe_u0PPMg",0,0,2,0,0,0,1,1,0,0,0,0,0,0,0,0,15,69,38,17,FALSE,"MountainView"
"546","s0adETucSjo","UCPu8Vs7UYkH0qaYBa88RwyA",0,0,0,0,0,0,2,0,0,0,0,1,0,0,0,0,1206,13,15,11,FALSE,"MountainView"
"547","0LYv_V-kRvs","UCN7BxE57fuDbB9_pdhyLrkg",0,0,1,0,0,0,0,1,1,1,0,0,1,0,0,0,0,15,8,5,FALSE,"MountainView"
"548","3q8dH7KoyXE","UCUaNNlHriLY8QCXKjszebwA",0,0,6,0,0,0,0,6,0,0,0,0,1,0,0,0,0,97,25,16,FALSE,"MountainView"
"549","6BatQWias10","UCF2R5vhI8tYDj1SqMuFxisQ",0,0,0,0,0,0,0,0,0,0,0,0,0,0,0,0,0,0,11,8,FALSE,"MountainView"
"550","6dgaNaE7ZoY","UCUaNNlHriLY8QCXKjszebwA",0,0,6,-1,0,0,0,2,0,0,0,0,0,0,0,0,0,17,19,0,FALSE,"MountainView"
"551","6mvaMlvd3pI","UCUaNNlHriLY8QCXKjszebwA",0,0,3,4,0,0,0,2,2,0,0,0,0,1,0,0,0,19,28,3,FALSE,"MountainView"
"552","EIxgnQNlWmo","UCUaNNlHriLY8QCXKjszebwA",0,0,0,2,0,0,0,3,0,0,0,0,0,1,0,0,0,20,19,1,FALSE,"MountainView"
"553","IvnMtA_3NzM","UCBqpCECjRwhagA_kD7Xi40Q",0,0,0,0,0,0,0,0,0,0,0,0,0,0,0,0,0,85,0,0,FALSE,"MountainView"
"554","LQfmz2iKS_M","UCGa6yVPz39vEYBIe_u0PPMg",0,0,0,0,0,0,0,0,1,0,0,0,0,0,0,0,0,7,15,6,FALSE,"MountainView"
"555","NkdTuIeoyLc","UCZK_q8JIhcMRVgoz8VZs6Lg",0,0,0,0,0,0,0,5,0,0,0,0,0,0,0,0,0,44,59,36,FALSE,"MountainView"
"556","OMHqzYzqFV4","UCklWeg8LgKrDtqIarDdy26w",0,0,1,5,0,0,0,7,7,2,0,0,3,1,3,0,0,106,209,168,FALSE,"MountainView"
"557","X8SZa9Cy_tM","UCsdqpqgsSFTRSnyyqHVSgyw",0,0,7,13,27,0,0,33,89,360,0,0,1,19,43,0,0,1658988,109275,174887,TRUE,"MountainView"
"558","Xzus53euj4s","UCd0DTZ6MMCZU2iQbwHxXVgg",0,0,0,0,0,0,0,3,0,0,0,0,0,0,0,0,0,17,40,30,FALSE,"MountainView"
"559","Yeg3LKb79k8","UCsdqpqgsSFTRSnyyqHVSgyw",0,0,1,17,25,0,0,21,77,442,0,0,2,23,58,0,0,1537400,29901,241117,TRUE,"MountainView"
"560","Z5B4STRtqOA","UCBqpCECjRwhagA_kD7Xi40Q",0,0,0,0,0,0,0,0,0,0,0,0,0,0,0,0,0,22,9,0,FALSE,"MountainView"
"561","cU1Rdk8u6bA","UC7AmXS5cFbb4Kf8j3lekvHQ",0,0,1,0,0,0,0,0,0,0,0,0,0,0,0,0,0,68,911,0,FALSE,"MountainView"
"562","cVwdaNtXrBE","UC3zp8BMUHkcQI0pwWWEhV3g",0,0,4,2,0,0,0,4,1,0,0,0,1,0,0,0,0,48,19,19,FALSE,"MountainView"
"563","jk_s8PgdYuM","UCE2Yzuzu90MtZzkMn5bthSA",0,0,9,0,0,0,0,5,0,0,0,0,1,0,0,0,0,51,14,5,FALSE,"MountainView"
"564","ju7hb5VkqhQ","UC_09yR9DK0G71Og_NGiARYA",0,0,1,0,0,0,0,3,0,0,0,0,0,0,0,0,0,595,0,0,FALSE,"MountainView"
"565","oRyeEmKHuZM","UC7AmXS5cFbb4Kf8j3lekvHQ",0,0,0,0,0,0,0,0,0,0,0,0,0,0,0,0,0,28,276,0,FALSE,"MountainView"
"566","q4RAQSB6oi0","UCd0DTZ6MMCZU2iQbwHxXVgg",0,0,2,0,0,0,0,3,0,0,0,0,0,0,0,0,0,36,36,18,FALSE,"MountainView"
"567","rs-CSuCBrzE","UCSZ_gN8mcn4kVbA3RI07-QA",0,0,11,0,0,0,0,2,0,0,0,0,5,0,0,0,0,135,0,0,FALSE,"MountainView"
"568","w2LMSouokJI","UCzMioHwEJ138WnLD8AJ1JKQ",0,0,3,2,1,0,0,3,2,1,0,0,0,0,0,0,0,20,46,18,FALSE,"MountainView"
"569","w7D_VKbxcf4","UCklWeg8LgKrDtqIarDdy26w",0,0,7,1,0,0,0,7,3,1,0,0,1,0,0,0,0,77,59,23,FALSE,"MountainView"
"570","xpj0gvlSZlg","UCF2R5vhI8tYDj1SqMuFxisQ",0,0,0,0,0,0,0,0,2,1,0,0,0,0,0,0,0,1,35,13,FALSE,"MountainView"
"571","z2ZHTi75-iY","UC_DypAn8nYM4G6jcK8Ihikg",0,0,0,0,0,0,0,0,0,0,0,0,0,0,0,0,0,50,23,0,FALSE,"MountainView"
"572","scCARwFizrU","UCvyCdvDGIWO2R0uABoILSPg",0,0,0,2,0,0,0,0,3,0,0,0,0,0,0,0,0,0,20,8,FALSE,"MountainView"
"573","21YVFe1P4o8","UCklWeg8LgKrDtqIarDdy26w",0,0,0,9,0,0,0,0,10,2,0,0,0,2,0,0,0,0,204,96,FALSE,"MountainView"
"574","_sDAOEu7y64","UC-8gaMzIaz4R0dRuAR5vzMA",0,0,0,9,0,0,0,0,1,0,0,0,0,1,0,0,0,0,17,6,FALSE,"MountainView"
"575","Jwg9_BcG61c","UCBsaROMCOwxiQKRpsi_iNOg",0,0,0,0,0,0,0,0,0,1,0,0,0,0,0,0,0,0,5,8,FALSE,"MountainView"
"576","vbyIOnSsUb8","UC3K-DwqWTy3bwqiVNYhAxJQ",0,0,0,1,0,0,0,0,4,1,0,0,0,0,0,0,0,0,238,33,FALSE,"MountainView"
"577","eY_I5Jkummc","UCq0zA4nYVxyxA8KPsJUhbrg",0,0,0,0,0,0,0,0,3,0,0,0,0,0,0,0,0,0,12,7,FALSE,"MountainView"
"578","s_5EXAWVinA","UCBsaROMCOwxiQKRpsi_iNOg",0,0,0,0,0,0,0,0,0,1,0,0,0,0,0,0,0,0,2,6,FALSE,"MountainView"
"579","a0v5PTgF6RQ","UCzMioHwEJ138WnLD8AJ1JKQ",0,0,0,1,0,0,0,0,5,1,0,0,0,0,0,0,0,0,51,14,FALSE,"MountainView"
"580","9QWvD2kXRXw","UC7qyBCDdMZP-EZMMua6uXNg",0,0,0,0,0,0,0,0,0,0,0,0,0,0,0,0,0,0,45,14,FALSE,"MountainView"
"581","ql7uY36-LwA","UCsdqpqgsSFTRSnyyqHVSgyw",0,0,0,774,7340,0,0,0,4025,31725,0,0,0,2303,7020,0,0,0,4856483,15083541,TRUE,"MountainView"
"582","SSyTTdIMVc4","UCq0zA4nYVxyxA8KPsJUhbrg",0,0,0,0,0,0,0,0,1,0,0,0,0,0,0,0,0,0,7,1,FALSE,"MountainView"
"583","4awqzODVUso","UCoR6HdbuFX3B_1VoSPz0bbQ",0,0,0,0,0,0,0,0,0,0,0,0,0,0,0,0,0,0,16,9,FALSE,"MountainView"
"584","akPUJU9MaUc","UCKcGZgLvLdgD1o3dh7JadkA",0,0,0,1357,498,0,0,0,27939,10770,0,0,0,152,90,0,0,0,221322,212628,FALSE,"MountainView"
"585","_Z3eWIbpPEc","UCRrv63cIxSVHLQX7cT9znfw",0,0,0,0,0,0,0,0,0,0,0,0,0,0,0,0,0,0,199,3,FALSE,"MountainView"
"586","a1yzYxDByvM","UCiaOqlWXwFbeTxi88q9ZZng",0,0,0,1,0,0,0,0,0,0,0,0,0,0,0,0,0,0,1,0,FALSE,"MountainView"
"587","83VEJNIBE3Y","UC3YKu3MUKRKp311toBxm-6w",0,0,0,8,5,0,0,0,13,4,0,0,0,1,0,0,0,0,139,163,FALSE,"MountainView"
"588","rf0Wq_pQXL4","UCJkc5qGzmiwS0RWLVZptukA",0,0,0,2,0,0,0,0,2,0,0,0,0,0,0,0,0,0,19,14,FALSE,"MountainView"
"589","SRwFKEKhlkQ","UCCRvRtOvU0tMZA6ePVviDPg",0,0,0,0,0,0,0,0,0,0,0,0,0,0,0,0,0,0,4,3,FALSE,"MountainView"
"590","E9e1J4Qwkeo","UC-8gaMzIaz4R0dRuAR5vzMA",0,0,0,0,0,0,0,0,0,0,0,0,0,0,0,0,0,0,8,2,FALSE,"MountainView"
"591","_fH0HWe0uPM","UC3ClJJ5QYm1NZMtHkFc4JHg",0,0,0,2,2,0,0,0,3,1,0,0,0,0,0,0,0,0,13,11,FALSE,"MountainView"
"592","jz7xqzaKw4U","UCdxIQ2jpxpUR6Usle08cKBA",0,0,0,1,0,0,0,0,1,0,0,0,0,0,0,0,0,0,9,1,FALSE,"MountainView"
"593","HBz7zfIUkr4","UCHB2C4n6GgF2136lCvL_7-g",0,0,0,0,0,0,0,0,0,0,0,0,0,0,0,0,0,0,18,15,FALSE,"MountainView"
"594","3aDqXt02pkA","UCBsaROMCOwxiQKRpsi_iNOg",0,0,0,0,0,0,0,0,2,0,0,0,0,0,0,0,0,0,21,10,FALSE,"MountainView"
"595","-pYxRC3Itr0","UCo2_OtZftBygNEhrunqmybg",0,0,0,2,0,0,0,0,3,0,0,0,0,0,0,0,0,0,22,6,FALSE,"MountainView"
"596","A7FZo1VLU1k","UCYOecuzmRhjW1IoVHgrPv5Q",0,0,0,0,0,0,0,0,0,0,0,0,0,0,0,0,0,0,0,4,FALSE,"MountainView"
"597","XyXvuioqHhk","UC3zp8BMUHkcQI0pwWWEhV3g",0,0,0,0,0,0,0,0,0,0,0,0,0,0,0,0,0,0,4,2,FALSE,"MountainView"
"598","pC5OBaagowI","UCvyCdvDGIWO2R0uABoILSPg",0,0,0,0,0,0,0,0,1,0,0,0,0,1,0,0,0,0,7,1,FALSE,"MountainView"
"599","jFprMI3OxPM","UCC9AMBnnjisIPKulkPLElKg",0,0,0,0,0,0,0,0,4,4,0,0,0,1,0,0,0,0,55,114,FALSE,"MountainView"
"600","baDcL97p04Q","UCd0DTZ6MMCZU2iQbwHxXVgg",0,0,0,2,0,0,0,0,3,0,0,0,0,1,0,0,0,0,48,21,FALSE,"MountainView"
"601","2WSmI2i8E14","UCf3Tjle7F4NK_LykkGhw3vw",0,0,0,0,0,0,0,0,1,0,0,0,0,0,0,0,0,0,9,2,FALSE,"MountainView"
"602","MqAFzRoWYJI","UCklWeg8LgKrDtqIarDdy26w",0,0,0,3,2,0,0,0,8,2,0,0,0,1,0,0,0,0,141,65,FALSE,"MountainView"
"603","AFd5qI9Cbpw","UCdxIQ2jpxpUR6Usle08cKBA",0,0,0,2,1,0,0,0,4,0,0,0,0,0,0,0,0,0,13,1,FALSE,"MountainView"
"604","9kDPm4qoKhk","UCRrv63cIxSVHLQX7cT9znfw",0,0,0,0,0,0,0,0,0,0,0,0,0,0,0,0,0,0,47,0,FALSE,"MountainView"
"605","rZBCaAH9nWI","UCzMioHwEJ138WnLD8AJ1JKQ",0,0,0,4,0,0,0,0,3,1,0,0,0,0,0,0,0,0,89,23,FALSE,"MountainView"
"606","OrUqLJSjiCw","UCvyCdvDGIWO2R0uABoILSPg",0,0,0,0,0,0,0,0,2,0,0,0,0,0,0,0,0,0,16,3,FALSE,"MountainView"
"607","ksp_BzJY9uA","UCq0zA4nYVxyxA8KPsJUhbrg",0,0,0,0,0,0,0,0,1,0,0,0,0,0,0,0,0,0,7,2,FALSE,"MountainView"
"608","GXn5Yb69zYc","UCdxIQ2jpxpUR6Usle08cKBA",0,0,0,0,0,0,0,0,2,0,0,0,0,0,0,0,0,0,10,1,FALSE,"MountainView"
"609","jNqmKQbTqEo","UCsdqpqgsSFTRSnyyqHVSgyw",0,0,0,53,85,0,0,0,207,717,0,0,0,22,66,0,0,0,1757119,267538,TRUE,"MountainView"
"610","JxB_NTWWdqQ","UCdxIQ2jpxpUR6Usle08cKBA",0,0,0,2,0,0,0,0,2,0,0,0,0,0,0,0,0,0,9,6,FALSE,"MountainView"
"611","AtImunQB-Ec","UCvB7F4wg9L3ii5Z7yC0hSLA",0,0,0,33,0,0,0,0,15,0,0,0,0,257,0,0,0,0,526,0,FALSE,"MountainView"
"612","40G84nXx818","UCO7NNK44w2iwcr20E7hgi-w",0,0,0,0,0,0,0,0,1,0,0,0,0,0,0,0,0,0,41,0,FALSE,"MountainView"
"613","rYrLA-ysVa0","UCXyl21Ue0-EYCcCoFqhCPiA",0,0,0,0,0,0,0,0,0,0,0,0,0,0,0,0,0,0,50,0,FALSE,"MountainView"
"614","d2IPAUuzUOs","UCBsaROMCOwxiQKRpsi_iNOg",0,0,0,4,1,0,0,0,4,0,0,0,0,0,0,0,0,0,37,38,FALSE,"MountainView"
"615","XENQg_sDfWw","UCd0DTZ6MMCZU2iQbwHxXVgg",0,0,0,0,0,0,0,0,1,1,0,0,0,0,0,0,0,0,26,42,FALSE,"MountainView"
"616","MnZkLzCt3pQ","UCY-HdKNQzLiiN-I05fRFxwQ",0,0,0,0,0,0,0,0,1,0,0,0,0,0,0,0,0,0,11,14,FALSE,"MountainView"
"617","VjdPEyXfN8k","UCq0zA4nYVxyxA8KPsJUhbrg",0,0,0,0,0,0,0,0,1,0,0,0,0,0,0,0,0,0,12,2,FALSE,"MountainView"
"618","uo6Iu5rgBzU","UCklWeg8LgKrDtqIarDdy26w",0,0,0,11,0,0,0,0,6,0,0,0,0,2,0,0,0,0,101,0,FALSE,"MountainView"
"619","ZCgYE901MHU","UC3ClJJ5QYm1NZMtHkFc4JHg",0,0,0,5,-1,0,0,0,6,0,0,0,0,0,0,0,0,0,14,3,FALSE,"MountainView"
"620","gFxypqmD15c","UC3ClJJ5QYm1NZMtHkFc4JHg",0,0,0,6,1,0,0,0,4,1,0,0,0,0,0,0,0,0,17,13,FALSE,"MountainView"
"621","TEUG6B5C3xQ","UCcpx8U6Mudy85g11HrtyqqA",0,0,0,0,0,0,0,0,0,0,0,0,0,0,0,0,0,0,36,125,FALSE,"MountainView"
"622","LoczExo1b8w","UClx8s9YUj9aVcO2m0pVsRJw",0,0,0,0,0,0,0,0,10,0,0,0,0,0,0,0,0,0,258,2,FALSE,"MountainView"
"623","3cZCceR7d-w","UCN7BxE57fuDbB9_pdhyLrkg",0,0,0,6,0,0,0,0,3,0,0,0,0,1,0,0,0,0,25,3,FALSE,"MountainView"
"624","vNk_UcnyKe8","UCF2R5vhI8tYDj1SqMuFxisQ",0,0,0,0,0,0,0,0,0,0,0,0,0,0,0,0,0,0,18,13,FALSE,"MountainView"
"625","a2O_oO1O8zk","UCklWeg8LgKrDtqIarDdy26w",0,0,0,0,0,0,0,0,2,0,0,0,0,0,0,0,0,0,55,1,FALSE,"MountainView"
"626","AlERXNLnhLg","UCWVuz1VOO58-zyKiOhVGZxQ",0,0,0,0,0,0,0,0,0,0,0,0,0,0,0,0,0,0,0,9,FALSE,"MountainView"
"627","MS4dc4eMj14","UCavpWWuonCIopdARE2_GUsg",0,0,0,0,0,0,0,0,0,1,0,0,0,0,1,0,0,0,0,135,FALSE,"MountainView"
"628","7escyXAIldI","UCVfG1cCdX0BjHzwcJk2NPXg",0,0,0,0,0,0,0,0,0,0,0,0,0,0,0,0,0,0,0,7,FALSE,"MountainView"
"629","jzR2LWp_gBk","UCzsUvSYZYVot0Ung8pHBCSw",0,0,0,0,4,0,0,0,0,3,0,0,0,0,0,0,0,0,0,24,FALSE,"MountainView"
"630","hy6hOuZ5vuU","UCoJXYKPiQZ2QCnnoP8ZPxJQ",0,0,0,0,0,0,0,0,0,2,0,0,0,0,0,0,0,0,0,2,FALSE,"MountainView"
"631","-pIr6VTZjDM","UCFOnHGvvZ0vjZmb1hWPU7KA",0,0,0,0,0,0,0,0,0,0,0,0,0,0,0,0,0,0,0,6,FALSE,"MountainView"
"632","E5r5R7cmuDA","UCiMe9qX_IxCm1hJc-zpSm9A",0,0,0,0,9,0,0,0,0,0,0,0,0,0,0,0,0,0,0,39,FALSE,"MountainView"
"633","1aIhkIUpPH0","UCdrdLwQx8FFE3y4mgqloV4Q",0,0,0,0,0,0,0,0,0,0,0,0,0,0,0,0,0,0,0,178,FALSE,"MountainView"
"634","QLUYQmiLy7g","UCW6dqXqBwyHLFbsaahDXH4g",0,0,0,0,0,0,0,0,0,1,0,0,0,0,0,0,0,0,0,19,FALSE,"MountainView"
"635","268wIHFFiLE","UCavpWWuonCIopdARE2_GUsg",0,0,0,0,1,0,0,0,0,0,0,0,0,0,0,0,0,0,0,182,FALSE,"MountainView"
"636","U-6xqJphLnc","UCa6vGFO9ty8v5KZJXQxdhaw",0,0,0,0,41,0,0,0,0,835,0,0,0,0,54,0,0,0,0,42729,FALSE,"MountainView"
"637","pTNWNOlKcWA","UCavpWWuonCIopdARE2_GUsg",0,0,0,0,4,0,0,0,0,2,0,0,0,0,0,0,0,0,0,98,FALSE,"MountainView"
"638","nWchIt7B5v4","UCh3C58mjCpqswWg-etWmbsg",0,0,0,0,0,0,0,0,0,3,0,0,0,0,0,0,0,0,0,159,FALSE,"MountainView"
"639","Dh41tMMVTiY","UCS4hivrrD9zj2iYR2QzbzQw",0,0,0,0,0,0,0,0,0,0,0,0,0,0,0,0,0,0,0,15,FALSE,"MountainView"
"640","jufa5wZxHB0","UCv1Ii-iuRIC4WoULTXEayhQ",0,0,0,0,1,0,0,0,0,1,0,0,0,0,0,0,0,0,0,50,FALSE,"MountainView"
"641","z1U28wEHYXQ","UCYCZgLIqKFGtaMnEmIrbbCg",0,0,0,0,0,0,0,0,0,0,0,0,0,0,0,0,0,0,0,7,FALSE,"MountainView"
"642","_wcKxRnYdMg","UC_Er9j3GlzwZM637hxhVUZg",0,0,0,0,0,0,0,0,0,0,0,0,0,0,0,0,0,0,0,52,FALSE,"MountainView"
"643","uABqYb7yyc4","UCvWAlSGoiD3BtP3J-vtjXLA",0,0,0,0,38,0,0,0,0,45,0,0,0,0,0,0,0,0,0,300,FALSE,"MountainView"
"644","0ISX6s9FEm4","UCz_8UdX8kWq2hIEurasSaOw",0,0,0,0,2,0,0,0,0,4,0,0,0,0,0,0,0,0,0,15,FALSE,"MountainView"
"645","_9pXghzDtSI","UCWRAYEw0V-wKb-m8VkS-rxA",0,0,0,0,1,0,0,0,0,1,0,0,0,0,0,0,0,0,0,8,FALSE,"MountainView"
"646","C6mr328_0Q4","UCT8XNWNqC5NSDr8Jh62X1hw",0,0,0,0,0,0,0,0,0,2,0,0,0,0,0,0,0,0,0,102,FALSE,"MountainView"
"647","1zvhfq73MX4","UCfxniHaPqpjZLWdW4YZJBpg",0,0,0,0,0,0,0,0,0,2,0,0,0,0,0,0,0,0,0,39,FALSE,"MountainView"
"648","bpRxuYbAiXw","UCzMioHwEJ138WnLD8AJ1JKQ",0,0,0,0,0,0,0,0,0,4,0,0,0,0,1,0,0,0,0,47,FALSE,"MountainView"
"649","_lI8fhvfC9M","UCavpWWuonCIopdARE2_GUsg",0,0,0,0,0,0,0,0,0,0,0,0,0,0,3,0,0,0,0,38,FALSE,"MountainView"
"650","VjFRDpe562E","UC3YKu3MUKRKp311toBxm-6w",0,0,0,0,0,0,0,0,0,9,0,0,0,0,1,0,0,0,0,91,FALSE,"MountainView"
"651","5XitHd6Purc","UC3YKu3MUKRKp311toBxm-6w",0,0,0,0,2,0,0,0,0,5,0,0,0,0,1,0,0,0,0,36,FALSE,"MountainView"
"652","I21vJNbdM4E","UCuIuqu7uUxObTr6s-MrmT3A",0,0,0,0,0,0,0,0,0,4,0,0,0,0,0,0,0,0,0,16,FALSE,"MountainView"
"653","LuYedRKKCtg","UCBXJbf_ETKxyqh6MDY8Z7xg",0,0,0,0,0,0,0,0,0,0,0,0,0,0,0,0,0,0,0,4,FALSE,"MountainView"
"654","waS9T5NS8hU","UCzsUvSYZYVot0Ung8pHBCSw",0,0,0,0,10,0,0,0,0,7,0,0,0,0,0,0,0,0,0,31,FALSE,"MountainView"
"655","zcwoMoiKeH8","UCvVEEEkHWaZfgwmZ7AQxyxA",0,0,0,0,1,0,0,0,0,1,0,0,0,0,0,0,0,0,0,102,FALSE,"MountainView"
"656","bhWQXF2bCgE","UCTpq8zzzqhstpqJNphNYgHQ",0,0,0,0,0,0,0,0,0,0,0,0,0,0,0,0,0,0,0,2,FALSE,"MountainView"
"657","P3DJD0k8zms","UCAo-6TCgsyyEb3jhYm0wXww",0,0,0,0,0,0,0,0,0,0,0,0,0,0,2,0,0,0,0,288,FALSE,"MountainView"
"658","eFx0lcFVblY","UCS4hivrrD9zj2iYR2QzbzQw",0,0,0,0,2,0,0,0,0,0,0,0,0,0,0,0,0,0,0,24,FALSE,"MountainView"
"659","7GjDEoish18","UChFP1alVvsyWU3N5C3MlGaw",0,0,0,0,1,0,0,0,0,1,0,0,0,0,0,0,0,0,0,5,FALSE,"MountainView"
"660","3_DDy8hW97s","UCUPh3ij3C8H70ZuVYc6PYYg",0,0,0,0,1,0,0,0,0,6,0,0,0,0,1,0,0,0,0,81,FALSE,"MountainView"
"661","f1dMebjhMf0","UCfeovfV8KRTAftKxgvbpn6Q",0,0,0,0,0,0,0,0,0,0,0,0,0,0,0,0,0,0,0,3,FALSE,"MountainView"
"662","FJegaAoo9f4","UCavpWWuonCIopdARE2_GUsg",0,0,0,0,0,0,0,0,0,1,0,0,0,0,0,0,0,0,0,14,FALSE,"MountainView"
"663","b5wy-BZgzQQ","UCllYx9MZFrRSPnm3NrehYaw",0,0,0,0,0,0,0,0,0,1,0,0,0,0,0,0,0,0,0,159,FALSE,"MountainView"
"664","2U3Nt8Amy-c","UCbvyW3SvktuPbbufqa2g0bA",0,0,0,0,0,0,0,0,0,0,0,0,0,0,1,0,0,0,0,38,FALSE,"MountainView"
"665","wDIqPPwF1A4","UCklWeg8LgKrDtqIarDdy26w",0,0,0,0,6,0,0,0,0,1,0,0,0,0,2,0,0,0,0,84,FALSE,"MountainView"
"666","4_L8vbxbqrw","UCr1ycFmYUKRkR8ifxP0H46g",0,0,0,0,0,0,0,0,0,1,0,0,0,0,1,0,0,0,0,436,FALSE,"MountainView"
"667","toxeoWhhm6A","UCLyzzEIR-utwpJGvwTCBRHA",0,0,0,0,0,0,0,0,0,0,0,0,0,0,0,0,0,0,0,4,FALSE,"MountainView"
"668","LBstHvRpGhU","UCY-HdKNQzLiiN-I05fRFxwQ",0,0,0,0,0,0,0,0,0,0,0,0,0,0,0,0,0,0,0,1,FALSE,"MountainView"
"669","tW0BI19-tpU","UC3U4UZLeYsjdFpMw-yPwmHA",0,0,0,0,0,0,0,0,0,0,0,0,0,0,0,0,0,0,0,7,FALSE,"MountainView"
"670","bFf6pMa3BIQ","UCQjh-JVPNWfY-KsZS3RgRHw",0,0,0,0,231,0,0,0,0,1688,0,0,0,0,192,0,0,0,0,222830,FALSE,"MountainView"
"671","QdG4IO1dMPE","UCVzcVhsTW7OIWRU0N2_XrTQ",0,0,0,0,0,0,0,0,0,12,0,0,0,0,2,0,0,0,0,998,FALSE,"MountainView"
"672","rcccCvZQioQ","UCL6OWxD2YmuXmqbQtPjEWBQ",0,0,0,0,0,0,0,0,0,3,0,0,0,0,1,0,0,0,0,74,FALSE,"MountainView"
"673","uKT3fMtQgzo","UC3zp8BMUHkcQI0pwWWEhV3g",0,0,0,0,0,0,0,0,0,0,0,0,0,0,0,0,0,0,0,9,FALSE,"MountainView"
"674","mBNoa2y3Efs","UCavpWWuonCIopdARE2_GUsg",0,0,0,0,0,0,0,0,0,2,0,0,0,0,1,0,0,0,0,170,FALSE,"MountainView"
"675","aRG7nFd4x2E","UCMS4cX8SHWChLvFyKxYFCAQ",0,0,0,0,0,0,0,0,0,1,0,0,0,0,0,0,0,0,0,37,FALSE,"MountainView"
"676","NSXvw175OI0","UCS4hivrrD9zj2iYR2QzbzQw",0,0,0,0,0,0,0,0,0,0,0,0,0,0,0,0,0,0,0,16,FALSE,"MountainView"
"677","WApfzdkLX1k","UC21Lm7vjxjQrwCBFMuN8qTw",0,0,0,0,0,0,0,0,0,0,0,0,0,0,0,0,0,0,0,6,FALSE,"MountainView"
"678","OpcGEiYLazU","UCgmptRY8mhi7rwVi6K0VsEQ",0,0,0,0,0,0,0,0,0,1,0,0,0,0,0,0,0,0,0,17,FALSE,"MountainView"
"679","EwGyhUXm2PY","UCWqV8Niq00mEdEmRfLmzIEg",0,0,0,0,1,0,0,0,0,1,0,0,0,0,0,0,0,0,0,20,FALSE,"MountainView"
"680","JuTTqqrt97s","UCY-HdKNQzLiiN-I05fRFxwQ",0,0,0,0,1,0,0,0,0,0,0,0,0,0,1,0,0,0,0,87,FALSE,"MountainView"
"681","LPmHjQ70aBc","UCBveeHG8AamrFLrWRfF1MGg",0,0,0,0,0,0,0,0,0,0,0,0,0,0,0,0,0,0,0,138,FALSE,"MountainView"
"682","hgKqiJRtgQM","UC1eqEeqqjGh8v3h8bAVziiQ",0,0,0,0,0,0,0,0,0,0,0,0,0,0,0,0,0,0,0,21,FALSE,"MountainView"
"683","GhBi2D7dmac","UC6Qec9C6CMRBySFrHuvGC4A",0,0,0,0,1,0,0,0,0,2,0,0,0,0,0,0,0,0,0,76,FALSE,"MountainView"
"684","zzqwqIgyJFM","UCS4hivrrD9zj2iYR2QzbzQw",0,0,0,0,0,0,0,0,0,0,0,0,0,0,0,0,0,0,0,16,FALSE,"MountainView"
"685","BxKjMSDEqZk","UC6BnjaW0BVVnw7ZBf_yv4Aw",0,0,0,0,0,0,0,0,0,0,0,0,0,0,0,0,0,0,0,2,FALSE,"MountainView"
"686","XdMVOXY9gZQ","UCavpWWuonCIopdARE2_GUsg",0,0,0,0,0,0,0,0,0,1,0,0,0,0,0,0,0,0,0,49,FALSE,"MountainView"
"687","UVl-F3Wv-f4","UCeP5dfSXzE68-54Nlu8FmNA",0,0,0,0,0,0,0,0,0,1,0,0,0,0,0,0,0,0,0,21,FALSE,"MountainView"
"688","U2ZnrSLez1A","UCavpWWuonCIopdARE2_GUsg",0,0,0,0,0,0,0,0,0,1,0,0,0,0,0,0,0,0,0,72,FALSE,"MountainView"
"689","RcPnpuj-v_4","UC7Pe3Pcd9XgYHCr_4-xTdbg",0,0,0,0,0,0,0,0,0,0,0,0,0,0,0,0,0,0,0,10,FALSE,"MountainView"
"690","hcYCOTbwOW8","UCavpWWuonCIopdARE2_GUsg",0,0,0,0,0,0,0,0,0,1,0,0,0,0,1,0,0,0,0,93,FALSE,"MountainView"
"691","nZudOXeLRiE","UCS4hivrrD9zj2iYR2QzbzQw",0,0,0,0,0,0,0,0,0,0,0,0,0,0,0,0,0,0,0,17,FALSE,"MountainView"
"692","d-KfP0f3YuA","UCLyzzEIR-utwpJGvwTCBRHA",0,0,0,0,0,0,0,0,0,0,0,0,0,0,0,0,0,0,0,5,FALSE,"MountainView"
"693","g4liLNykJYc","UCavpWWuonCIopdARE2_GUsg",0,0,0,0,0,0,0,0,0,1,0,0,0,0,0,0,0,0,0,51,FALSE,"MountainView"
"694","Gr7yOF5lBMk","UCavpWWuonCIopdARE2_GUsg",0,0,0,0,0,0,0,0,0,0,0,0,0,0,0,0,0,0,0,8,FALSE,"MountainView"
"695","zxZIACeGb9Y","UCAZCZlPpuiLFU3IwNmvhjHQ",0,0,0,0,0,0,0,0,0,0,0,0,0,0,0,0,0,0,0,0,FALSE,"MountainView"
"696","1OKtRG_GwOk","UCavpWWuonCIopdARE2_GUsg",0,0,0,0,1,0,0,0,0,1,0,0,0,0,0,0,0,0,0,52,FALSE,"MountainView"
"697","0cUtuyRKBjI","UCLyzzEIR-utwpJGvwTCBRHA",0,0,0,0,0,0,0,0,0,0,0,0,0,0,0,0,0,0,0,3,FALSE,"MountainView"
"698","jWcSoNga5lY","UCFRx-fhPZBi9IZHwkLFrHHw",0,0,0,0,0,0,0,0,0,1,0,0,0,0,0,0,0,0,0,8,FALSE,"MountainView"
"699","2pS4ofWOhtA","UCT3anlx2SRjS6peIqLvd7GQ",0,0,0,0,104,0,0,0,0,14,0,0,0,0,9,0,0,0,0,1447,FALSE,"MountainView"
"700","Q0NzqlJQtqA","UCY-HdKNQzLiiN-I05fRFxwQ",0,0,0,0,1,0,0,0,0,2,0,0,0,0,0,0,0,0,0,42,FALSE,"MountainView"
"701","ASyjS49K-KI","UCaQJlfy2Tk5XP2PZHlyutiA",0,0,0,0,0,0,0,0,0,1,0,0,0,0,0,0,0,0,0,80,FALSE,"MountainView"
"702","_tjSJo6JVII","UC2lHLym-jv7zfm36tUFoPWA",0,0,0,0,0,0,0,0,0,2,0,0,0,0,0,0,0,0,0,180,FALSE,"MountainView"
"703","dcb5T4at6-E","UCWxegScB6lfOSNpQB-gEjAQ",0,0,0,0,0,0,0,0,0,0,0,0,0,0,0,0,0,0,0,25,FALSE,"MountainView"
"704","RKdheNqtYjo","UCUwZX45cXK2uxInMDo5EogA",0,0,0,0,1,0,0,0,0,0,0,0,0,0,0,0,0,0,0,8,FALSE,"MountainView"
"705","S-h6ygWTbmo","UCheoCnOx63P_MNC_DBxJkiA",0,0,0,0,0,0,0,0,0,0,0,0,0,0,0,0,0,0,0,6,FALSE,"MountainView"
"706","ZggBQuhKnA4","UC-FgTUsyzxJuX8E84c_kl5g",0,0,0,0,0,0,0,0,0,3,0,0,0,0,0,0,0,0,0,1049,FALSE,"MountainView"
"707","YIPsKa1E_x4","UCG3BRxZiQGXkP6A4rOq2QhQ",0,0,0,0,17,0,0,0,0,16,0,0,0,0,0,0,0,0,0,111,FALSE,"MountainView"
"708","GeBrspxCjpM","UCvdJ8cDyyJoplHRYAklahLA",0,0,0,0,0,0,0,0,0,25,0,0,0,0,1,0,0,0,0,4611,FALSE,"MountainView"
"709","FoVMSfS3xPE","UCCRvRtOvU0tMZA6ePVviDPg",0,0,0,0,0,0,0,0,0,0,0,0,0,0,0,0,0,0,0,4,FALSE,"MountainView"
"710","e2PrmA3p6kU","UCTLc2pHDkUMZePTdVnyjIUQ",0,0,0,0,1,0,0,0,0,13,0,0,0,0,3,0,0,0,0,1726,FALSE,"MountainView"
"711","vNsP4kyi0Dw","UCavpWWuonCIopdARE2_GUsg",0,0,0,0,2,0,0,0,0,7,0,0,0,0,2,0,0,0,0,1319,FALSE,"MountainView"
"712","n793DGzrfe8","UC7VpPkn5Ltpigpyiyz3j3Ag",0,0,0,0,0,0,0,0,0,1,0,0,0,0,1,0,0,0,0,158,FALSE,"MountainView"
